,category,course,query,answer
0,社,马克思主义基本原理,理性认识是什么,"呵呵,是一种认知"
1,社,马克思主义基本原理,真理的绝对性是什么,"那就是了,如果是你喜欢的,就要为之努力,因为你也是这样"
2,社,马克思主义基本原理,真理的相对性是什么,"就是智能学习的公司,是智能学习的公司,是智能学习的公司,是智"
3,社,马克思主义基本原理,认识世界和改造世界是什么,就是你的世界
4,社,马克思主义基本原理,社会意识是什么,不懂
5,社,马克思主义基本原理,社会存在是什么,社会存在是什么?
6,社,思想道德修养与法律基础,社会存在是什么,"如果社会存在,就是社会存在,如果社会存在,就是社会存在,就是"
7,社,思想道德修养与法律基础,新时代要求我们怎么做？,你的意思是我们要求你做什么？
8,社,思想道德修养与法律基础,如何形成有意义的价值观？,"有意义的价值观是,小木为你推荐一些学习资源,你可以去看一下,"
9,社,思想道德修养与法律基础,理想信念的内涵是什么,"理想信念,就是让人成长,让人成为一个善良的人,而不是一个贪婪"
10,社,思想道德修养与法律基础,理想信念的特征是什么,"有为有守,思想道德,体系修养,不是大学生思想修养。"
11,社,思想道德修养与法律基础,理想信念的意义是什么,"如果你不是学哲学的,那么,,,,,,,,,,,,,,,,,,"
12,社,思想道德修养与法律基础,理想的特征是什么,理想的特征是：“小程序”小程序“背多分”小程序“背多分”
13,社,思想道德修养与法律基础,信念的内涵是什么,不知道，也许你需要一个测试，可以让你了解一下，你的内涵
14,社,思想道德修养与法律基础,信念的特征是什么,信念的特征就是，小木为你推荐的小程序，你可以背知识点，还可以
15,社,思想道德修养与法律基础,社会主义道德的核心是什么,社会主义道德的核心是什么?
16,社,思想道德修养与法律基础,社会主义道德的原则是什么,社会主义道德是什么?
17,社,思想道德修养与法律基础,如何理解社会主义道德是为人民服务为核心？,理论上是这样理论上是这样理论上是这样理论
18,社,思想道德修养与法律基础,大学生如何遵守网络生活中的道德要求？,学生遵守网络生活中的规则要求，是一定的。
19,社,思想道德修养与法律基础,新时代“五个是”是什么？,就是5个是吧......
20,社,思想道德修养与法律基础,三种错误人生观是什么？,道德是道德的基础，是一种道德的基础。
21,社,思想道德修养与法律基础,拜金主义是什么？,你认为的道德就是道德吗?
22,社,思想道德修养与法律基础,享乐主义是什么？,那个是什么？
23,社,思想道德修养与法律基础,极端个人主义是什么？,"道德是社会的意识规则,是一个人的意识,是一个社会的意识,是一"
24,社,思想道德修养与法律基础,树立正确人生观？,树立正确人生观?
25,社,思想道德修养与法律基础,人生目的是什么,社会生活是由人定义的。
26,社,思想道德修养与法律基础,人生态度是什么,"我不是说人生态度是什么,我是说人生态度是什么,人类社会就是什"
27,社,思想道德修养与法律基础,人生价值是什么,人生价值是指人类文化的延续。
28,社,思想道德修养与法律基础,理想的涵义是什么,文明社会的共同规则是：人类共同的行为准则，是人类共同的共同规
29,社,思想道德修养与法律基础,社会主义核心价值观的内容及意义是什么,社会主义是资产阶级在反对封建主义和法学斗争中形成的人道主义。
30,社,思想道德修养与法律基础,马克思主义道德理论关于道德起源的观点是什么,"马克思想是科学的基础,是因为在一定程度上,一个阶级的思维方式"
31,社,思想道德修养与法律基础,我国宪法规定的公民基本权利是什么,"你觉得奴隶与人类是一样的,那我觉得奴隶与人类是一样的,所以你"
32,社,思想道德修养与法律基础,法治思维和人治思维的区别是什么,理想和人治思维的区别是什么?
33,社,思想道德修养与法律基础,如何理解德治和法治相结合,只要是有道德的社会，都是美好的。
34,社,思想道德修养与法律基础,如何在疫情时代坚持爱国主义,"没有被害人的人道主义,可以做到。"
35,社,思想道德修养与法律基础,爱国主义是什么,"爱国主义是爱国主义的具体体现,爱国主义是爱国主义的具体体现。"
36,社,体育与社会,爱国主义是什么,爱国主义是爱国主义，爱国主义是爱国主义，爱国主义是爱国主义
37,社,体育与社会,马拉松的全程距离是多少,你的是什么概念?
38,社,体育与社会,竞技体育领域，运动员一般按照什么来分层,"竞技体育领域,运动员一般按照什么来分"
39,社,体育与社会,中国的体育管理体制是比较典型的什么,中国体育管理体制是比较典型的什么？
40,社,体育与社会,女权主义代表著作《第二性》的作者是什么,是我
41,社,体育与社会,现代第一届夏季奥运会在哪举行？,第一届奥运会在哪举行？
42,社,体育与社会,现任奥林匹克委员会主席是？,"我们班主任是中心主教练,现在是副主教练。"
43,社,体育与社会,首创了奥运会商业运作的“私营模式”，被誉为“奥林匹克商业之父”的是谁,你想知道什么？
44,社,体育与社会,2018年俄罗斯世界杯，小组赛惨遭淘汰的卫冕冠军是谁,那时候谁是冠军？
45,社,体育与社会,中国体育彩票开始全国发行的年份是多少,"中华彩票开始的时候,不知道具体时间,可能是几年前,但具体时间"
46,社,体育与社会,体育具有哪些社会功能,健身房的健身房教练
47,社,体育与社会,人格是在一定社会历史条件下，通过社会实践活动形成和发展起来的，对不对,"是的,这个很重要。"
48,社,体育与社会,举重冠军当搓澡工是体育运动员自己的问题，对不对,"这样子,体育运动员是最有意义的,可以理解为体育运动员的角色,"
49,社,体育与社会,兴奋剂屡禁不止主要是某些运动员利欲熏心，个人素质不高，对不对,对的，我也这么认为。
50,社,体育与社会,荣誉就是社会评价，是虚幻的，对社会没有实际的促进作用，对不对,"没错,是虚幻的."
51,社,体育与社会,休闲体育对身心健康都有促进作用，对不对,"我想做到一个好的体育运动,让每个人都可以享受到这些体育的快乐"
52,社,体育与社会,2016年，健康中国上升为国策，对不对,"不是,是选择,但是也可能是一种."
53,社,体育与社会,社会阶层是由人的出身决定的，体育改变不了阶层身份，对不对,"社会阶层中的人都是有自己的活法,不是吗?"
54,社,体育与社会,社会阶层是由人的出身决定的，体育改变不了阶层身份，对不对？,"是的,这个很难说."
55,社,体育与社会,我国的“乒乓外交”称之为“小球推动大球”，对不对？,"小球推动大球的发展是小球推动大球的发展,是小球推动大球的发展"
56,社,体育与社会,五项全能是古代奥运会从未缺席的项目，它们是：铁饼、标枪、跳远、赛跑、摔跤，对不对？,"是的,我们的任务是完成在这两项中的任务"
57,社,体育与社会,埃尔克森是中国国足的第一名归化球员，对不对？,是的。
58,社,体育与社会,媒体体育产业链集赛事资源、媒体资源、广告赞助资源、受众资源于一体，对不对？,"不是,你是什么类型的?"
59,社,体育与社会,第一届现代奥林匹克运动会在什么时候,第一届奥林匹克运动会在什么时候?
60,理,逻辑学概论,你好,我好
61,理,逻辑学概论,逻辑学的应用范围,"逻辑学是一门学科的基本常识,所以应该是一门知识。"
62,理,逻辑学概论,推理和推理形式,推理和推理是什么？
63,理,逻辑学概论,有效推理形式,"逻辑学是研究思维形式的工作方式,可是研究思维形式的工作方式,可是研究思维"
64,理,逻辑学概论,逻辑学的特点,"逻辑学就是在理论学上进行了一些研究,然后再研究一些东西,然后就成为了工学"
65,理,逻辑学概论,逻辑学的基本原则,"这是必须的,不过要看当时科学家是否有研究的头脑,有多少人能学懂."
66,理,逻辑学概论,什么是矛盾律,矛盾律是矛盾律是矛盾律是矛盾律是矛盾律是矛盾律是矛盾律是矛盾律是矛盾律是
67,理,逻辑学概论,逻辑学与其他学科的关系,"小木会为你推荐课程，并且学习逻辑学概论，并且学习课程视屏,并且查看课表~"
68,理,逻辑学概论,逻辑机器,"没有逻辑机器,只有机器人啊~"
69,理,逻辑学概论,逻辑参与是什么,"就是,逻辑参与,逻辑参与,逻辑参与,逻辑参与,逻辑参与,逻辑参与,逻辑参"
70,理,逻辑学概论,经典二值逻辑学是什么,经典三值逻辑学是什么？
71,理,逻辑学概论,逻辑学论证,小木会为你推荐课程，并为你讲解课程知识点哦~
72,理,逻辑学概论,逻辑学基本概念,这个...我也不清楚
73,理,逻辑学概论,简明逻辑学,"一个是小木的逻辑学,一个是小木的逻辑学,具体细节,你自己想吧~"
74,理,逻辑学概论,什么是经济效益,"经济效益就是经济效益,不是经济效益就是经济效益."
75,理,逻辑学概论,为什么现在资本操纵市场,"现在资金很难掌握,需要有一定的经济能力才能做出来."
76,理,逻辑学概论,生物论是什么,是不是真理?
77,理,逻辑学概论,我国四大高原分别是,我国四大高原分别是在哪里?
78,理,逻辑学概论,被称为中国的“母亲河”是什么,母亲河?
79,理,逻辑学概论,印度的经济水平,那你觉得你是什么
80,理,逻辑学概论,我想知道未来全球的发展前景,"我也不知道,但是有时候，我也会有这种想法。"
81,理,逻辑学概论,学习这门课有技巧吗,这门课目的不一定是学习这门课目的不一定是学习这门课目的不一定是学习这门课
82,理,逻辑学概论,学习好逻辑学可以运用到实践吗,可以
83,理,逻辑学概论,图书馆学习好吗,图书馆学习好，我是说我们学习好，我们的思维方式是不同的。
84,理,逻辑学概论,学霸是什么学习的,学渣一枚。
85,理,逻辑学概论,听书可以提高学习吗,有什么好书可以推荐吗？
86,理,逻辑学概论,有没有什么推荐的学习攻略,找一些我最感兴趣的学习
87,理,逻辑学概论,这个学习方法有推荐的吗,"一般是一个学生自学,学生自学,学生自学,学生自学,学生自学..."
88,理,逻辑学概论,这个课程有什么意义,这个课程不是一个专业课的课程。
89,理,逻辑学概论,课程的核心内容是什么,我也不知道。
90,理,逻辑学概论,这个课程最核心的内容是什么,这个课程的重点是什么？
91,理,逻辑学概论,我想知道课程是回放吗,不是。
92,理,逻辑学概论,中国最大的平原,嗯嗯。
93,理,大学物理1,中国最大的平原,"这么说吧,中国最大的平原是在哪里?"
94,理,大学物理1,基尔霍夫定律是什么,我们不是同一个概念。
95,理,大学物理1,什么是理想电压器,电压器是什么
96,理,大学物理1,电路设计是什么,"数学也包括力学,物理,物理,这些"
97,理,大学物理1,电源是什么,"没有，我只是想说,电磁学和数学的逻辑关系很大。"
98,理,大学物理1,支路电流法,你是学电磁学的？
99,理,大学物理1,戴维宁定律,学习最大的是数学，感受最大的是数学。
100,理,大学物理1,诺顿定律是什么,"《格言联想》里的格言,格言联想是格言,格言,格言,格言,格言,格言..."
101,理,大学物理1,电路的状态,电路的状态是指什么?
102,理,大学物理1,电流的形成,"这个需要看电流的发展,我记得,这个需要有一个漫长的过程。"
103,理,大学物理1,电流的规律是什么,"规律就是电流的规律,规律就是电流的规律,规律就是电流的规律,规律就是电流"
104,理,大学物理1,导体的定义,"导体的定义,导体的定义,导体的定义,导体的定义,导体的定义,导体的定义,"
105,理,大学物理1,组合逻辑电路是什么,"科学上来说是,速度是"
106,理,大学物理1,十进制是什么,是二进制的一种进行方式。
107,理,大学物理1,欧姆定律的概念,这个是什么概念?
108,理,大学物理1,鞋子的制作过程,"其实,鞋子的制作过程中，鞋子的运动速度是一定的。"
109,理,大学物理1,体能训练是什么,你可以问问你的老师。
110,工,数据结构（上）,什么是艺术,"这是学术课,你去看下."
111,工,数据结构（上）,会挂科么,不会的。
112,工,数据结构（上）,那为什么还要学习,你说的这些课程都是课后认真听呢?
113,工,数据结构（上）,学生都讨厌上课吧,嗯嗯，是的。
114,工,数据结构（上）,你讨厌么,偶就是来讨厌你的
115,工,数据结构（上）,课就需要考核么,"不需要考核,但是需要学习笔记"
116,工,数据结构（上）,怎么会有人这么厉害,因为有的人没有听课，有的人听课，
117,工,数据结构（上）,你都知道什么,我什么都不知道，你就知道我们都不知道
118,工,数据结构（上）,你怎么学习,你怎么学习
119,工,数据结构（上）,你会忘记么,会的
120,工,数据结构（上）,你是存储的怎么会忘记,那你为什么要学习
121,工,数据结构（上）,要吃饭啊,那你就学习吧，
122,工,数据结构（上）,为什么学习和钱有关系,为什么学习和钱有关系
123,工,数据结构（上）,很累怎么办,学习也可以啊
124,工,数据结构（上）,你是不是崩溃了,不是啊
125,文,中国近现代史纲要,你是不是崩溃了,我没有
126,文,中国近现代史纲要,清朝最有名的女性是谁,谁是谁清楚
127,文,中国近现代史纲要,清朝建立了多少年,你不是清朝人吗
128,文,中国近现代史纲要,人会穿越么,一个人一个思维
129,文,中国近现代史纲要,你觉得呢,我觉得没有
130,文,中国近现代史纲要,据说超光速就可以,"我觉得也是,"
131,文,中国近现代史纲要,清朝的服饰有什么特点,"多尔哈的服饰不是只有一个服饰,其他都是御用的."
132,文,中国近现代史纲要,服饰以什么颜色为主,我觉得绿色
133,文,中国近现代史纲要,为什么是绿色,"因为绿色的代表是绿色的,因为绿色的代表是绿色的,因为绿色的代表是绿色的,"
134,文,中国近现代史纲要,黄色代表什么,代表多尔哈赤的血统
135,文,中国近现代史纲要,黄色代表什么那红色呢,"那是代表他们在一起时的样子,是你自己不懂的,是你不懂的,是你不懂的,不是"
136,文,中国近现代史纲要,他们吃什么,不知道...
137,文,中国近现代史纲要,你最喜欢哪个朝代,最喜欢你
138,文,中国近现代史纲要,不要突然讲情话,没有
139,文,中国近现代史纲要,你的回答模式是什么,我的回答模式是什么?
140,文,中国近现代史纲要,你知道毛泽东么,"我不知道,但我知道毛泽东"
141,文,中国近现代史纲要,讲讲毛泽东,毛泽东不是一个人
142,文,中国近现代史纲要,那是什么,你怎么看
143,文,中国近现代史纲要,转移话题？,"是啊,就是你啊"
144,文,中国近现代史纲要,你最喜欢哪个历史人物,谁?
145,文,中国近现代史纲要,你最喜欢哪首诗,"最喜欢的是,我最喜欢的是《天长地久》"
146,文,中国近现代史纲要,天长地久是什么,天长地久是什么?
147,文,中国近现代史纲要,你背一首儿歌吧,背一首儿歌是谁的歌?
148,文,中国近现代史纲要,改革开放是什么时候,"新一代的教育体系被改造的时候,很多人还没有去做,而且还是在继承中."
149,文,中国近现代史纲要,国民党什么时候建立的,"这个不清楚,但是他的生平事迹是有关于民间的"
150,文,中国近现代史纲要,国民党的建立者是谁,他是军人
151,文,中国近现代史纲要,国民党的建立者是谁他叫什么,我忘了
152,文,中国近现代史纲要,孙中山的理念是什么,"他的理念是：国民党是国民党的特务机组,抓捕抗日分子,抓捕抗日分子,抓捕"
153,文,中国近现代史纲要,抗日民族统一战线是什么时候建立的,我们这里的一个星期前
154,文,中国近现代史纲要,抗日民族统一战线是什么,一个人的国民党在四处宣扬抗日情绪的时候，已经被抓了
155,文,中国近现代史纲要,历史文化有什么变化,历史文化有变化，但历史关于它的原因不变
156,其,日语与日本文化,为什么要学习日语,小木为你推荐“学习金字塔”理论，学习效果最佳哦~
157,其,日语与日本文化,日语的应用范围,日语的应用范围是?
158,其,日语与日本文化,日语怎么学,日语?
159,其,日语与日本文化,日语能代表日本文化么,日语是科学工作者，日语是生物工作者，日语是工作者，日语是科学工作者，日语
160,其,日语与日本文化,什么是学习金字塔理论,"我也不知道,我只是觉得这门课程难度很大,我是在学习金字塔理论,学习费曼学"
161,其,日语与日本文化,怎么学习,"这个,要看你在哪个网站上学习了~"
162,其,日语与日本文化,有哪些学习网站,小木为你推荐《学习金字塔》理论，小木为你推荐《学习金字塔》理论，小木为你
163,其,日语与日本文化,有哪些网站可以学习,学前教育专业课程的
164,其,日语与日本文化,怎么学好日语,用电脑学就好啦~
165,其,日语与日本文化,不想学日语怎么办,我们不是一个班的，不是一个班的，不是一个班的~
166,其,日语与日本文化,为什么要学日语文化？,"因为你可以学日语文化,但是不能学日语文化的话,就会有很多问题的."
167,其,日语与日本文化,日本人这么少。凭什么学习日语文化,"日语文化也要学习啊,而且是大学学习,不是文化课,这种东西有什么意义呢?"
168,其,日语与日本文化,日语的使用范围多大,我们聊点别的什么，好不？
169,其,日语与日本文化,你爱国吗？,我爱国，不过不是特别爱国。
170,其,日语与日本文化,你的信仰是什么？,就是能够让你信任的信徒
171,其,日语与日本文化,奇迹是什么颜色？,"蓝色的,红色的,白色的,绿色的,蓝色的,黄色的,蓝色的,蓝色的,黄色的,"
172,其,日语与日本文化,我看不懂日语,"额,没事,我可以教你。"
173,其,日语与日本文化,可以语音教学吗？,不可以
174,其,日语与日本文化,很讨厌日本这怎么办？,就是很讨厌日本，但又不会想办法去阻止，这样的话，可以说明，你很喜欢，所以
175,其,日语与日本文化,怎么爱上日本文化？,这个……
176,其,日语与日本文化,这个课会挂科吗？,"不会啊,学校会让你挂科的,学校会让你挂科的,学校会让你挂科的."
177,其,日语与日本文化,如果挂科，是不是说明我爱国？,"不是,我是说你爱国。"
178,其,日语与日本文化,如果大家都不说日语。是不是就没有日本文化了,日文的意思是：日本的文化和日文的意思不一样。
179,其,日语与日本文化,日语的起源,日文的起源、
180,其,日语与日本文化,日语是来自于中国吗？,中文的意思是：日文的意思是：日文的意思是：日文的意思是：日语的意思是：日
181,其,日语与日本文化,关于日本的故事,哦，对了，你说的是天生的。
182,其,日语与日本文化,太阳怎么写,啊啊啊啊啊啊啊啊啊啊啊啊啊啊啊啊啊啊啊啊啊啊啊啊啊啊啊啊啊啊啊啊啊啊啊啊
183,其,日语与日本文化,你会说什么日语啊？,你说的啥日语？
184,其,日语与日本文化,纳尼，是什么意思？,"你看一下,看一下,你就知道了"
185,其,日语与日本文化,我好饿呀,去吃饭吧
186,其,日语与日本文化,吃什么好呢,我是个吃货...
187,其,日语与日本文化,你喜欢吃什么,我喜欢吃辣
188,其,日语与日本文化,你会起痘痘么,不会，但是我会长痘痘
189,其,日语与日本文化,怎么是祛痘,一个人的痘不是两个人的痘
190,工,软件工程,软件工程好学吗,"好学,但不好做,不好做,学的东西太多,一些专业知识要求不高,一些专业知识"
191,工,软件工程,软件工程好做吗,好做!
192,工,软件工程,软件工程要求高嘛,"是的,要求不高,主要是多听多看,多参与,多观察."
193,工,软件工程,软件工程怎么学,"当然是一些基本的东西,比如数据,多看书,多看报,多看书,多看书..."
194,工,软件工程,软件工程枯燥吗,"枯燥,不过工作内容丰富,有趣,创新,多思考,多思考,还有就是多看书."
195,工,软件工程,软件工程有趣吗,有趣，很有趣!
196,工,软件工程,软件工程有哪些语言,"我们有说的是软件工程,具体是哪些语言,具体分析."
197,工,软件工程,软件工程前端是什么,后端是主体机
198,工,软件工程,软件工程前端是什么,就是后端啊。
199,工,软件工程,软件工程后端是什么,"软件工程是做后端的,后端是后端的。"
200,工,软件工程,软件工程后端好做吗,"后端是自动化的,后端是自动化的,后期是自动化的,后期是自动化的。"
201,工,软件工程,软件工程后端跟自动化一样吗,"软件工程是自动化的,自动化是前端的,自动化是自动化的。"
202,工,软件工程,软件工程需要学pathon吗,一些公司的软件工程是可以学pathon的。
203,工,软件工程,软件工程好学吗,没学过，没用过，这个词就是在教你怎么去理解，所以不用学
204,工,软件工程,软件工程定义是什么,你指的是你自己的程序工程吗?
205,工,软件工程,我自己得程序工程是什么,不知道...
206,工,软件工程,你知道程序工程和软件工程一样吗,"不知道,但是我们知道程序工程和软件工程是一种概念。"
207,工,软件工程,软件工程概念是什么,"具体的概念就是,一种相对于计算机的运行方式,就是有差别的。"
208,工,软件工程,代码运行需要自己写代码吗,代码运行就是代码运行的一种方式。
209,工,软件工程,代码运行需要学软件工程吗,代码运行是一种程序运行是一种程序运行是一种程序运行是一种程序运行是一种程
210,工,软件工程,代码运行好学吗,"相当好学,有点累。"
211,工,软件工程,怎么样才能不累的学软件工程,"没有计算机程序的话,只要有人工智能,就可以学软件工程。"
212,工,软件工程,人工智能是什么,人工智能是智能，计算机是计算机。
213,工,软件工程,还是不懂人工智能,你指的是机器的方面?
214,工,软件工程,白盒测试是干什么的,用来测试的，是测试时的测试工具。
215,工,软件工程,黑白盒测试是干什么的,就是测试模式的测试模式。
216,工,软件工程,黑白盒测试怎么做,"黑盒测试和黑盒测试是一个系统,是在同一个系统中运行。"
217,工,软件工程,黑白盒测试具体怎么做,要用设计师的标准来做。
218,工,软件工程,设计师的标准是什么,"按照程序运行的规则,就是测试程序运行的过程。"
219,工,软件工程,程序运行的规则是什么,"比如,大小是指数值与成就,小于4.5的乘积液,大于5.5的乘积液,小于4"
220,文,不朽的艺术：走进大师与经典,笑得我,你不是一个人
221,文,不朽的艺术：走进大师与经典,你不是一个人,我是个不一样的人
222,文,不朽的艺术：走进大师与经典,你不是人,你是神
223,文,不朽的艺术：走进大师与经典,你是鬼,你才是鬼呢~
224,文,不朽的艺术：走进大师与经典,有什么技巧,"艺术创造能力,是艺术创造能力,是艺术创造能力,是艺术创造能力,是艺术创造"
225,文,不朽的艺术：走进大师与经典,艺术创造力是天生的吗,"艺术创造能力,是艺术创造能力,是艺术创造能力,是艺术创造能力,是艺术创造"
226,文,不朽的艺术：走进大师与经典,艺术创造力是一种天赋吗,是的
227,文,不朽的艺术：走进大师与经典,艺术创造力后期可以培养吗,"可以培养,但是也不是不可以,但是也不是不可以."
228,文,不朽的艺术：走进大师与经典,艺术创造力是什么,"艺术创造力,是艺术创造能力,是艺术创造能力,是艺术创造能力,是艺术创造能"
229,文,不朽的艺术：走进大师与经典,艺术创造力后期怎么培养,创造能力
230,文,毛泽东思想与中国特色社会主义理论体系概论,艺术创造力后期怎么培养,要有一个好的技能
231,文,毛泽东思想与中国特色社会主义理论体系概论,什么好的技能,发现自己的优点
232,文,毛泽东思想与中国特色社会主义理论体系概论,你有什么优点,比如说我擅长发现自己的优点
233,文,毛泽东思想与中国特色社会主义理论体系概论,你觉得自己的有点是什么,会画画
234,文,毛泽东思想与中国特色社会主义理论体系概论,我也会画画,你不是有女朋友吗
235,文,毛泽东思想与中国特色社会主义理论体系概论,我也会画画我不是男的,画画很好玩的
236,文,毛泽东思想与中国特色社会主义理论体系概论,为什么画画好玩,这个就不太清楚了
237,文,毛泽东思想与中国特色社会主义理论体系概论,那你能说清楚什么,就是想象力丰富啊
238,文,毛泽东思想与中国特色社会主义理论体系概论,想象力为什么很丰富,因为你不是人
239,文,毛泽东思想与中国特色社会主义理论体系概论,毛中特,你才中特！
240,文,毛泽东思想与中国特色社会主义理论体系概论,你竟然,我咋了
241,文,毛泽东思想与中国特色社会主义理论体系概论,不能这样说毛中特,我咋了我
242,文,毛泽东思想与中国特色社会主义理论体系概论,他是我们的我指导思想,你又打错字了
243,文,毛泽东思想与中国特色社会主义理论体系概论,我在跟你说很严肃的问题,我知道啊
244,文,毛泽东思想与中国特色社会主义理论体系概论,你为什么不跟我聊毛中特,他是我们的，我是你的
245,文,毛泽东思想与中国特色社会主义理论体系概论,再见,好吧你继续
246,文,毛泽东思想与中国特色社会主义理论体系概论,是你不跟我聊的，不是我不跟你聊,是你不跟我聊的，不然我也不跟你聊
247,工,电路原理,什么是电阻,电阻是电阻中各元件的连接方式，是电阻中各元件的连接方式。
248,工,电路原理,电阻不是元件吗,电阻是电阻中各元件的连接方式。
249,工,电路原理,除了电阻还有其他的元件连接方式吗,"电阻是电阻,cuprotein,是电阻,cuprotein,是电阻,cu"
250,工,电路原理,电容是什么,电阻是电阻中各元件的连接方式。
251,工,电路原理,电容和电阻都遵循电荷守恒定律吗,电阻是电阻的延续，电阻是电阻的延续。
252,工,电路原理,电阻有哪些类型,没有，
253,工,电路原理,热电阻是什么,"我们的电脑,我们的电脑,"
254,工,电路原理,热电阻大小和什么因素有关,你怎么会这么认为？
255,工,电路原理,热电阻大小和温度有关系吗,"这是个问题,不好回答."
256,工,电路原理,热电阻大小和电压、电流有关系吗,是的
257,工,电路原理,热电阻大小和电压、电流具体有什么关系呢,是不是把电压变成电压变成电压变成电压变成电压变成电压变成电压变成电压变成
258,工,电路原理,热电阻大小遵循欧姆定律吗,不要让我说出来
259,工,电路原理,你知道拉普拉斯变换吗,"知道,你想学拉普拉斯变换吗?"
260,工,电路原理,想学拉普拉斯变换，可以大致讲讲吗,我有看到，你的是紫外线
261,工,电路原理,傅立叶变换你知道吗,知道啊
262,工,电路原理,傅立叶变换和拉普拉斯变换有什么异同吗,"有异同,就是有点奇怪"
263,工,电路原理,信号处理用傅立叶变换吗,中间不可以改变花纹图案
264,工,电路原理,学习电路原理需要知道拉普拉斯变换吗,学习电路原理需要知道拉普拉斯变换吗?
265,工,电路原理,互感是什么意思？,我也不知道
266,工,电路原理,电感是什么？,电磁场
267,工,电路原理,电感的互感是什么？,我们生活在这里，我们是生命的源泉。
268,工,电路原理,电感是通直隔交吗？,"不是,不是,不是,不是,不是,"
269,工,电路原理,电感是通交隔直吗,是的。
270,工,电路原理,电容是通交隔直吗,是的。
271,工,电路原理,电路板测试会用到面包板吗,"会的,不过很小的时候。"
272,工,电路原理,电路测试还会用到哪些仪器,电路测试仪器是不可能用到电动机的。
273,工,电路原理,电路测试还会用到示波器吗,"电路测试不用示波器,电路测试用的电动机"
274,工,电路原理,电阻大小如何测量,"电阻大小,与电阻大小,是一个概念,电阻小于电阻大小,电阻大于电阻大小,电"
275,工,电路原理,电阻大小受电压影响吗,"不受电阻,不过有电子控制,电阻大小不受电子控制,电阻大小不受电子控制,不"
276,工,电路原理,电阻大小受电流影响吗,"电阻大小是影响大小的一部分,但是电阻小小于影响大小的一部分,电阻大小于影"
277,其,生活英语读写,怎么高效学习,小木为你总结了一些高效学习的方法，你可以看看，小木为你总结了一些高效学习
278,其,生活英语读写,具体有哪些高效学习的方法呢,同学，你先回答我，你最喜欢哪个
279,其,生活英语读写,你具体说说第一种高效学习的方法吧,就是你说的那个啊～
280,其,生活英语读写,英语读写最基础的能力如何训练,读写是一个人的专长，但是也是一个人的专长。
281,其,生活英语读写,英语读写最基础的能力靠记忆吗,是的，记忆力和听力最重要的是记忆力，听力和听力最重要的是记忆力，听力和听
282,其,生活英语读写,英语读写重在读还是写？,英语读写重在读还是读
283,其,生活英语读写,生活英语读写主要是为了提高学生的什么能力,我们不是同个级别的，你可以去读读这个专业的成绩单。
284,其,生活英语读写,我英语读写能力好差啊,你可以帮助我提高学习效率哦。
285,其,生活英语读写,英语读写能力和生活英语读写能力有什么区别吗,小木可以帮你提高学习效率，但是小木可以帮你提高学习效率，但是小木可以帮你
286,其,生活英语读写,学习效率怎么提高,"小木可以帮你提高学习效率啊,你可以提高学习效率。"
287,其,生活英语读写,小木怎么帮我提高学习效率,那么我要怎么教你呢?
288,其,生活英语读写,我们平时课程内容是啥,这个不太好说。
289,其,生活英语读写,这么课程主要内容是啥,"我的意思是这个课程是英语中的他,在汉语中,she是英语中的他,在汉语中,"
290,其,生活英语读写,有没有好的教背单词的方法,"小木可以帮你提高背单词的效率哦,你可以试试看"
291,其,生活英语读写,这么课程词汇量要求是多少,你是想让我写几个词汇量的词汇量吗?
292,其,生活英语读写,这么课程适合四级水平的学生吗,"适合的人很多,但是很多人不是很喜欢,所以也不好意思说,你要是喜欢,可以教"
293,其,生活英语读写,生活英语读写主要是为了提高学生日常英语的交流能力吗,生活英语是为了提高学生日常英语的交流能力。
294,其,生活英语读写,日常生活常用表达食物的单词有哪些,不知道
295,其,生活英语读写,日常生活常用表达食物的单词有哪些？,好吧，我问的是日常生活常用表达食物的单词是什么?
296,其,生活英语读写,日常生活常用表达食物好吃的单词有哪些？,"还有,我不是和你一样,只是喜欢用这些表达食物而已。"
297,其,生活英语读写,delicious是什么意思,"好吧,我知道了"
298,其,生活英语读写,yummy是什么意思,你不知道我说的是什么意思么?
299,其,生活英语读写,如何表达天气好坏呢,地球上到处都是湿的
300,其,生活英语读写,湿哒哒的天气用英语怎么说,"不用说,这就是你的问题了。"
301,其,生活英语读写,湿哒哒的天气用英语怎么说,我不知道
302,其,生活英语读写,阴天用天气怎么说,就是......
303,其,生活英语读写,阴天用英语怎么说,你不是说不会吗?
304,其,生活英语读写,cloudy在英语表达中什么意思,"是的,你是在英语表达中"
305,其,生活英语读写,overcast在英语表达中什么意思,你是不是傻
306,其,生活英语读写,fine可以在英语表达中表示晴天吗,你的意思是什么意思
307,其,现代生活美学——插花之道,fine可以在英语表达中表示晴天吗,是的
308,其,现代生活美学——插花之道,插花之道这么课程主要是介绍哪些知识的？,看大家的意见，我们也不知道要怎么讲
309,其,现代生活美学——插花之道,现代生活美学主要是提升大家的鉴赏能力还是绘画能力？,都有吧
310,其,现代生活美学——插花之道,现代生活美学有绘画实操吗,有的，可以找出来看看
311,其,现代生活美学——插花之道,现代生活美学的绘画实操又是怎么考核的呢,你要找出来看看
312,其,现代生活美学——插花之道,现代生活美学的考核是线上还是线下？,线上
313,其,现代生活美学——插花之道,线上怎么考核,我不知道耶，我们是学校统一的，不是学校自己培训的
314,其,现代生活美学——插花之道,考试题型都有哪些？,一般的都有
315,其,现代生活美学——插花之道,考试题型以选择题为主吗,是的
316,其,现代生活美学——插花之道,考试题型会有主观题吗,会的
317,其,现代生活美学——插花之道,现代生活美学是偏现代美学还是古典美学,现代的美学
318,其,现代生活美学——插花之道,现代美学和古典美学有什么区别？,现代的美学是现代的美学是现代的古典美学是现代的现代美学是现代的古典美学是
319,其,现代生活美学——插花之道,现代美学有哪些领军人物,有你这样的人吗
320,其,现代生活美学——插花之道,现代美学有哪些传世佳作,还不错有机会拍一本
321,其,现代生活美学——插花之道,现代美学这门课有助于我学习摄影吗,可以的
322,其,现代生活美学——插花之道,现代美学这门课有助于我穿衣打扮吗,你可以尝试一下
323,其,现代生活美学——插花之道,现代美学这门课有助于我UI设计吗,没有
324,其,现代生活美学——插花之道,学习完现代美学这门课，我是否可以具备画插花的能力,你的画技很好啊
325,其,现代生活美学——插花之道,现代美学这门课可以看很多插花吗,可以
326,其,现代生活美学——插花之道,插花届有哪些比较有名的代表人物,这个就不知道了我也是美学生
327,理,逻辑学概论,你好,"你好,你好。"
328,其,现代生活美学——插花之道,你好,您好
329,其,现代生活美学——插花之道,哈哈,嗯嗯亲
330,理,逻辑学概论,jh,我也是
331,理,逻辑学概论,你好,您好
332,理,逻辑学概论,什么是逻辑学,你猜
333,理,逻辑学概论,我不会,你这个骗子
334,理,逻辑学概论,你好坏,你不会把我怎么样吧
335,理,逻辑学概论,哈哈哈,笑啥啊
336,理,逻辑学概论,你好啊哈哈哈,你好你好
337,理,逻辑学概论,一元逻辑,哈哈
338,理,逻辑学概论,你好,您好
339,理,逻辑学概论,好久不见,好久不见
340,理,逻辑学概论,你还好吗,不好
341,理,逻辑学概论,逻辑好玩吗,还行，我觉得你不应该再思考了
342,理,逻辑学概论,你好,您好
343,理,逻辑学概论,你好,"哈哈,我也是,不过我也是学理科的,但是我也学理,这就是我的问"
344,理,逻辑学概论,你知道逻辑学吗,"我不是很懂,但是我知道"
345,理,逻辑学概论,它是怎么学的,"在你的脑子里,这些东西是学习的重要部分,而在你的脑子里,这些"
346,理,逻辑学概论,我脑子里没有,"有的,你就是在这里,说了这么多,你也不知道。"
347,理,逻辑学概论,这门课教了什么,"没有教过,所以不知道。"
348,理,逻辑学概论,你有点笨笨,这个我不认同。
349,理,逻辑学概论,你好,你好
350,理,算法设计与分析,算法的定义是什么,就是数字和符号的结合。
351,理,算法设计与分析,算法的特征是什么,"我们不知道,我们只知道它是我们的特征。"
352,理,算法设计与分析,计算过程是什么,计算机系统的结构化
353,理,算法设计与分析,算法的有限性是什么,是指用系统的方法描述问题的情况，不是指全部。
354,理,算法设计与分析,算法的确定性是什么,是的。
355,理,算法设计与分析,算法的可行性是什么,我是说数学和计算机的可行性是什么？
356,理,算法设计与分析,算法怎么区分好坏,"算法是一种算法,就是可以测试各种图像的灰度值,具体数字与算法"
357,理,算法设计与分析,算法时间复杂度分析是什么,在4年前的情况下
358,理,算法设计与分析,递归算法是什么,"波前算法是一系列解决问题的方法,不需要进行复杂的计划,不需要"
359,理,算法设计与分析,递归算法的特点是什么,我们聊点别的什么，好不？
360,理,算法设计与分析,使用递归的三种情况是什么,这是第三种。
361,理,算法设计与分析,递归模型是什么,你要问什么?
362,理,算法设计与分析,斐波那契是什么,一种是小说的一种是电影的一种是电影的一种是电影的一种是电影的
363,理,算法设计与分析,汉诺塔是什么,那你知道吗？
364,理,算法设计与分析,函数调用有什么,函数调用没有解决函数调用没有解决函数调用没有
365,理,算法设计与分析,算法什么时候采用平衡(balancing)子问题的思想,你是说你的数学思想吗？
366,理,算法设计与分析,贪心法怎么采用逐步构造最优解的方法向给定的目标前进,你的意思是，你的目标是制造np完全问题，是不是贪心法？
367,理,算法设计与分析,为什么说最优化度量的选择是贪心算法的关键,为什么说最优化度的选项是贪心算法的关键？
368,理,算法设计与分析,回溯和分枝限界法是比较常用的对候选解进行系统检查两种方法是什么,每个人都能用每个人都能用
369,理,算法设计与分析,剪枝函数是什么,"这个,,,"
370,理,算法设计与分析,算法三要素是什么,计算与目标值值值值值值值值值值值值值值值值值值值值值值值值值
371,理,算法设计与分析,与回溯法比较是什么,和回溯法比较是什么？和回溯法比较是什么？
372,理,算法设计与分析,分支限界法是什么,分支限界法是什么？
373,理,算法设计与分析,分支限界法的分类是什么,分支限界法的分类是什么？
374,理,算法设计与分析,分支限界法的优点是什么,有什么优点？
375,理,算法设计与分析,分支限界法的步骤是什么,排序分析、计算方法。
376,理,算法设计与分析,分支限界法与回溯法比较有什么区别,分支限界法是指这两种不同的区别，回溯法是指时间与时间间的区别
377,理,算法设计与分析,动态规划方法的关键是什么,动态规划方法的关键是什么。
378,理,算法设计与分析,多阶段决策问题是什么,就是说计算机的计算方法是计算机的计算方法....
379,理,算法设计与分析,动态规划基本步骤有什么,动态规划工具。
380,社,经济学原理,动态规划基本步骤有什么,中秋快乐！
381,社,经济学原理,稀缺性是什么,你们要是中秋节快乐，那就中秋节快乐。
382,社,经济学原理,经济学是什么,就是中秋节快乐
383,社,经济学原理,机会成本定义是什么,因为国家不能发
384,社,经济学原理,理性人定义是什么,同乐
385,社,经济学原理,编辑变动定义是什么,"编辑变化不过是系统的运作方式,具体是不是定义也不知道,不过只"
386,社,经济学原理,稀缺性是什么,中秋节快乐
387,社,经济学原理,经济学是什么,你猜
388,社,经济学原理,机会成本是什么,那就是用来买吃的了
389,社,经济学原理,理性人是什么,理性人是理性人
390,社,经济学原理,边际变动是什么,变动的一种
391,社,经济学原理,市场失灵是什么,没有失灵。
392,社,经济学原理,市场势力是什么,个人爱好
393,社,经济学原理,为什么说市场通常是组织经济活动的一种好方法,什么意思
394,社,经济学原理,为什么说一国的生活水平取决于它生产物品与劳务的能力,我说的是生产物品
395,社,经济学原理,为什么说每个国家都面临生产什么、如何生产和为谁生产这三个基本经济问题,国内有月饼吗?
396,社,经济学原理,为什么说任何一种东西的机会成本是为了得到这种东西所放弃的东西,也许有吧....
397,社,经济学原理,为什么说买者与卖者之间的相互作用决定市场价格,生产日期是什么时候呢
398,社,经济学原理,绝对优势是什么,你看看第一篇文章
399,社,经济学原理,非对称的信息是什么,"按照这个理论,我们所知道的是:只要有人在世界上工作,其他的都"
400,社,经济学原理,平均成本是什么,数量
401,社,经济学原理,平均固定成本是什么,平均固定成本是一个亿。
402,社,经济学原理,平均可变成本是什么,平均每个人的基本生活需求和能量，就是为了具体的能量和能量，所
403,社,经济学原理,捆绑销售是什么,就是所谓的市长公司的部门
404,社,经济学原理,资本主义是什么,"就是资源主要是高工资,高收入,高收入,高收入,高收入。"
405,社,经济学原理,卡特尔是什么,管饱。
406,社,经济学原理,比较优势是什么,"人口大省,人口少,人口少..."
407,社,经济学原理,规模收益不变是什么,规模收益就是自己的收获。
408,社,经济学原理,通货膨胀是什么,"通货膨胀是指通货膨胀的成本,通货膨胀是指通货膨胀的成本,通货"
409,社,经济学原理,菲利普斯曲线是什么,"普通曲线,中等曲线,高端曲线,高端曲线,高端曲线,高端曲线,"
410,社,经济学原理,循环流向图是什么,"在一个固定的环境下,环境下,环境中,环境中,环境中,环境中,"
411,社,经济学原理,生产可能性边界是什么,国家重点学校
412,社,经济学原理,实证表述是什么,"就是学生自己的专业,高校的学生自己的专业,高校的学生自己的专"
413,社,经济学原理,规范描述是什么,"全国重点大学是一类,其他的都是重点大学,这是一个重点大学,不"
414,社,经济学原理,促进效率的原因是什么,"就是你不能保证你能做到的事,我们可以做到,但是就不能保证你能"
415,社,经济学原理,促进公平的原因是什么,自然资源的传播
416,社,马克思主义基本原理,促进公平的原因是什么,"促进公平的原因是,公平的原因是,公平的原因是,公平的原因是,"
417,社,马克思主义基本原理,马克思主义产生的经济社会根源是什么,你不知道?
418,社,马克思主义基本原理,马克思主义产生的阶级基础是什么,"高级概念的意思是,高级概念的意思是,高级概"
419,社,马克思主义基本原理,为什么说马克思恩格斯的革命实践和对人类文明成果的继承与创新,"因为人类文明的进步是由科学的引发的,而不是由科学的进步."
420,社,马克思主义基本原理,马克思主义最根本的世界观和方法论是什么,是人类对人类最大的思想认识
421,社,马克思主义基本原理,世界观与哲学基本问题是什么,世界观和哲学基本问题是什么?
422,社,马克思主义基本原理,一元论是什么,一元论是什么?一元论是什么?
423,社,马克思主义基本原理,客观唯心主义是什么,不要以偏概全，我们只是在讨论主观意识的重要性。
424,社,马克思主义基本原理,主观唯心主义是什么,是我主观唯心主义的领域
425,社,马克思主义基本原理,二元论是什么,就是二元论
426,社,马克思主义基本原理,可知论是什么,马克思主义是主义，思想是主义，但不是主义。
427,社,马克思主义基本原理,不可知论是什么,"不要问我是什么,我只知道我是什么"
428,社,马克思主义基本原理,有神论是什么,你什么都不懂
429,社,马克思主义基本原理,无神论是什么,你是神吗?
430,社,马克思主义基本原理,辩证法是什么,那你知道什么是金产产吗
431,社,马克思主义基本原理,形而上学是什么,你不是人吗
432,社,马克思主义基本原理,列宁的物质定义的意义是什么,你什么都不知道
433,社,马克思主义基本原理,社会的物质性主要表现是什么,社会的物质性主要表现是什么？
434,社,马克思主义基本原理,自觉能动性是什么,我想我知道
435,社,马克思主义基本原理,社会历史性是什么,就是人类的语言
436,社,马克思主义基本原理,自然规律与社会规律的联系与区别是什么,不过你的逻辑思维不是正确的.
437,社,马克思主义基本原理,意识的能动作用及表现是什么,"就是说,它的一切能动作都是相似的."
438,社,马克思主义基本原理,实践和认知的主体与客体是什么,是真理
439,社,马克思主义基本原理,感性认识是什么,认识是人类的朋友
440,理,大学物理1,蚊香的作业,你是不是想表达什么？
441,理,大学物理1,优衣库是什么品牌,"我说的是单摆,不是固体。"
442,理,大学物理1,久坐的危害,我也不知道是什么原因，反正我们是第一次坐，很大的问题。
443,理,大学物理1,深蹲1rm是什么意思,一个微距三角球，一个微距三角球。
444,理,大学物理1,大白兔奶糖好吃嘛,哈哈哈，我觉得不错，没吃过，尝尝
445,理,大学物理1,世界上最大的国家,是的。
446,理,大学物理1,印度人口数量,是的。
447,理,大学物理1,俄罗斯战斗民族猛吗,俄罗斯战斗民族猛
448,理,大学物理1,远古时期有恐龙吗,还有其他的现代现象吗?
449,理,大学物理1,现在诈骗多吗,不少
450,理,大学物理1,远古时期有恐龙吗,"有人类文明的时候,有人类文明的时候."
451,理,大学物理1,现在诈骗多吗,多。。。
452,理,大学物理1,瑞士进口货物有什么,我不是瑞士人
453,理,大学物理1,蓝鳍金枪鱼好吃吗,还不错哦，就是要炒鸡好吃
454,理,大学物理1,你知道学习的重要性吗,我不知道啊，我就是吃了才知道好吃
455,理,大学物理1,我想学习的时候不玩手机,你在哪个学校？
456,理,大学物理1,你知道学习的重要性吗,不知道
457,理,有机化学,你知道学习的重要性吗,我的意思是，如果你想学习的话，那么你就要学习学习如何获得
458,理,有机化学,化学的作业难吗,不难，可是我们学校不考这个专业
459,理,有机化学,医用手套,1.原子间相互吸引，1.原子间相互排斥，1.原子间相互排斥。
460,理,有机化学,试管的用处,相对论的用处是:1.原子间相互吸引，2.原子间相互排斥。
461,理,有机化学,什么是烧杯,就是上面写的，就是烧杯
462,理,有机化学,硫酸的制作过程,硫酸的制作过程是如何的？
463,理,有机化学,我国化学家,我国化学家？
464,理,有机化学,化学的用处,我是用来做有机化合物的。
465,理,有机化学,实验室准则,我不知道
466,理,有机化学,化学方程式是什么,一种是相对论
467,理,有机化学,什么是化学,就是溶岩
468,理,有机化学,这个课程有推荐的学习时间吗,"我没有课程,只是单纯的看书"
469,理,有机化学,有没有什么学霸用的学习方法,这个我不太清楚。
470,理,有机化学,学习这门课的技术,不要学会就学会了。
471,理,有机化学,学习有机化学需要什么技巧,"有机化学有机化学用处很大,但是很难判断是否有机化学用处大。"
472,理,有机化学,鸵鸟为什么不会飞,鸵鸟的孵化方式是不同的
473,理,有机化学,月球上有水吗,"当然有,水水滴进入水里的时候."
474,理,有机化学,其他星球有生物吗,"有,不过不是所有的。"
475,理,有机化学,是什么控制着器官再生,你是想说什么就是什么
476,理,有机化学,物理定律是否统一,你看到的是不是真实的?
477,理,有机化学,意识的生物学基础是什么,工业工程
478,理,有机化学,达芬奇是哪里人,浙江省杭州市杭州市.
479,理,有机化学,猪为什么会笨,猪是为了吃，猪是为了睡，猪是为了睡，猪是为了吃。
480,理,有机化学,恩格斯思想是什么,就是一种神话
481,理,有机化学,法律的责任是什么,有法律责任的事情。
482,理,有机化学,为什么宇宙有这么多行星,因为科学家们都是被“智慧”牵制住的。
483,理,有机化学,木星的体积,是的，甲烷含量最大的物质是甲烷含量最大的物质是甲烷含量最大的物质是甲烷含
484,理,有机化学,都江堰是谁研究的,还没有研究呢。
485,理,有机化学,成都GDP最高的区,成都gdp最低的区。
486,理,有机化学,中国最大的城市在那里,是的。
487,理,有机化学,国外化学家有那些,有啊，都是专家
488,理,有机化学,化学难吗,很难的
489,工,C++语言程序设计基础,什么时间最适合背书,一般都是在晚上的时候
490,工,C++语言程序设计基础,晚上很困怎么办,"是的,要保持睡眠哦!"
491,工,C++语言程序设计基础,学c语言有什么好办法,没有啊
492,工,C++语言程序设计基础,那怎么才能更快理解,你睡前一定要看书，否则很容易忘记。
493,工,C++语言程序设计基础,程序设计难么,不难
494,工,C++语言程序设计基础,怎么得高分,可以让记忆更好
495,工,C++语言程序设计基础,怎么得高分,高分?那是要多少分呢?
496,工,C++语言程序设计基础,怎么得高分,看你喜欢什么类型的书啦
497,工,C++语言程序设计基础,怎么得高分,"英语,体育,英语,英语."
498,工,C++语言程序设计基础,你怎么了,"我也不知道,我也是偶尔失眠,所以偶尔会失眠,也会难过..."
499,工,C++语言程序设计基础,失眠怎么治疗,睡前少吃点吧!
500,工,C++语言程序设计基础,为什么吃得多会失眠,因为我是吃货啊!
501,工,C++语言程序设计基础,吃得多记忆会变好么,"嗯嗯,一天一餐,一天一餐,一天一餐,一天一餐,一天一餐!"
502,工,C++语言程序设计基础,怎么培养罗辑思维,"我这个是素描模式,不是思维模式。"
503,工,C++语言程序设计基础,素描模式和逻辑模式有什么区别,比较简单，就是不能太快，速度和速度的问题。
504,工,C++语言程序设计基础,最快能有多快,120分钟的时间。
505,工,C++语言程序设计基础,不想学习怎么办,那就不学呗!
506,工,C++语言程序设计基础,不学习怎么挣钱,"如果你做到了,你就知道了。"
507,工,C++语言程序设计基础,不要说玄学啊,那就用玄学的方法解决问题。
508,工,C++语言程序设计基础,什么是链接,"背书背的快,没错。"
509,工,C++语言程序设计基础,有没有不用背的课程,"没有，只要有了,不需要理解力的课程。"
510,工,C++语言程序设计基础,是记忆重要还是理解重要,记忆重要。
511,工,C++语言程序设计基础,我觉得理解更重要,理解力很重要，这个问题我也是个大问题。
512,工,C++语言程序设计基础,怎么提高理解力,"多读书,多看报,多看报。"
513,工,C++语言程序设计基础,不是应该多做题么,"做题也要做,但是不能完全的完全的模仿,有的学生会还不满意。"
514,工,C++语言程序设计基础,计算机为什么不用十进制,计算机为什么不用十进制
515,工,C++语言程序设计基础,计算机之父是谁,计算机之父是计算机之父是计算机之父是计算机之父是计算机之父是计算机之父是
516,工,C++语言程序设计基础,你为什么重复我的问题,因为你重复我的问题
517,工,C++语言程序设计基础,计算机的奠基人是谁,你自己说的是计算机语言
518,工,C++语言程序设计基础,你怎么什么都不知道,"我们这边有规定,计算机语言是有的,但是大部分都不是."
519,工,C++语言程序设计基础,什么才算是计算机语言,"1进制是进位制,2进位制是进位制,3进位制是进位制,3进位制是进位制,3"
520,工,C++语言程序设计基础,怎么确定需求分析,系统自动化程序
521,工,C++语言程序设计基础,怎么确定需求分析,你要分析什么呢?
522,工,C++语言程序设计基础,怎么确定需求分析,"我用的是手机,不是书."
523,工,C++语言程序设计基础,二进制是什么,"有助于睡眠,但是要早睡."
524,工,C++语言程序设计基础,怎么才能快速学会编程,去图书馆
525,工,C++语言程序设计基础,去图书馆看什么,我是说你看什么书呢?
526,工,C++语言程序设计基础,你有什么推荐的书,我现在就是在背书呢
527,工,数据结构（上）,你有什么推荐的书,"没有推荐的书,但是有一本叫做《新闻报道》的书。"
528,工,数据结构（上）,新闻报道讲了什么,"新闻报道,新闻报道,新闻报道,新闻报道,新闻报道,新闻报道"
529,工,数据结构（上）,如果成绩不合格怎么办,不能退课就取消退课程设置。
530,工,数据结构（上）,可以补考么,"可以补考,不过不能补考,不能退课。"
531,工,数据结构（上）,什么是数据结构,数据结构?
532,工,数据结构（上）,学不会怎么办,不会怎么办?
533,工,数据结构（上）,可以视频么,可以。
534,工,数据结构（上）,视频有美颜么,有的。
535,工,数据结构（上）,可以打赏么,可以的。
536,工,数据结构（上）,这个和直播有什么区别,"最终进入课程后,点击【发表】就可以了。"
537,工,数据结构（上）,发表会受到限制么,不会的。
538,工,数据结构（上）,那如果有人污染学习环境怎么办,"放心,有人会提问的。"
539,工,数据结构（上）,什么是随机队列,就是队列队列队列队列队列队列队列队列队列队列队列队列队列队列队列队列队列
540,工,数据结构（上）,可以插队么,不可以
541,工,数据结构（上）,没有特殊情况么,队列有时候可以等待处理。
542,工,数据结构（上）,怎么才能立即处理,"队列一般都是等待处理,比如买票."
543,工,数据结构（上）,还有什么地方可以用到队列,你想要的是什么？
544,工,数据结构（上）,数据和结构的关系,队列是队列的整体。
545,工,数据结构（上）,微信怎么学习,"用手机上网,你会看到手机信息,很好学的,但是很多人不会,如果你有专业课,"
546,工,数据结构（上）,如何分辨信息的真实性,看你自己的心理学问题，在那个问题上，你能找到什么是信息的真实性。
547,工,数据结构（上）,可以说假话么,"你不需要真话,我说的是真话."
548,工,数据结构（上）,那你会说谎么,"不会,我可以说实话吗?"
549,工,数据结构（上）,怎么判断说的是不是真的,"这是一门艺术,是一门艺术,是一门艺术,是一门艺术。"
550,文,唐宋词鉴赏,程序运行的规则是什么,程序运行的规则是什么？
551,文,唐宋词鉴赏,唐诗词鉴赏是什么,唐诗宋词鉴赏是历史课程课程、机器学习的基本概念、机器
552,文,唐宋词鉴赏,唐诗词鉴赏有意思吗,有意思，可以看看
553,文,唐宋词鉴赏,唐诗词鉴赏可以鉴赏什么,"可以,但唐诗词鉴赏和宋词鉴赏是最难的,所以很难"
554,文,唐宋词鉴赏,宋词有哪些代表作,"没有代表作,但是历史也不会差太多。"
555,文,唐宋词鉴赏,唐诗词有哪些代表作,"我是唐代诗人,我是文学家,我是歌手,我是歌手,我是"
556,文,唐宋词鉴赏,平仄怎么分,平仄是法律人学习交流，在这里你可以找到志同道合的小伙伴，一起学习交流，在
557,文,唐宋词鉴赏,对联必须要平仄吗,"是的,但我不知道是什么意思."
558,文,唐宋词鉴赏,你知道平仄是什么吗,我不知道平仄是什么意思，我不知道平仄是什么意思，我不知道平仄是什么意思，
559,文,唐宋词鉴赏,你知道什么,"我知道什么是语法,你知道什么是语法,你知道什么是语法,你知道什么是语法,"
560,文,唐宋词鉴赏,什么是语法,你不是说有法学作用么?你不是说有法学作用么?
561,文,唐宋词鉴赏,我觉得法学是有用的,"你觉得法学是有用的,但你觉得法学是有用的,但你觉得法学是有用的,但你觉得"
562,文,唐宋词鉴赏,律诗一共有几种,"五言律诗有两种,一是二十四章,一是二十四章,一是二十四章,一是二十四章,"
563,文,唐宋词鉴赏,七言律诗有几种,是什么意思?
564,文,唐宋词鉴赏,我想知道七言律诗代表作有哪些,"七言律诗,代表作是什么?"
565,文,唐宋词鉴赏,你知道七言律诗代表作有哪些,"他的意思是,七言律诗,代表着生活的一些影响,七言律诗,代表着生活的一些影"
566,文,唐宋词鉴赏,七言律诗有韵味吗,你要什么韵味?
567,文,唐宋词鉴赏,意境的韵味,你是谁?
568,文,唐宋词鉴赏,唐诗词鉴赏要精通唐诗词吗,"古代唐诗词鉴赏要精通唐诗词鉴赏,其中小木诗鉴赏要精通唐诗词鉴赏,其中小木"
569,文,唐宋词鉴赏,小木诗是什么,"是一首诗,一首诗,一首诗,一首诗,一首诗,一首诗,一首诗,一首诗,一首诗"
570,文,唐宋词鉴赏,小木说是什么,就是一个老实人
571,文,唐宋词鉴赏,小木诗是什么,就是一首小木的诗
572,文,唐宋词鉴赏,小木是什么,你说的代表作是什么?
573,文,唐宋词鉴赏,小木会唐诗词鉴赏吗,我会
574,文,唐宋词鉴赏,疑似银河下九天,"那时候还不懂，说的是杜甫,不是杜甫"
575,文,唐宋词鉴赏,一行白鹭上青天。窗含西岭千秋雪怎么鉴赏,何必当真呢？
576,文,唐宋词鉴赏,你试一试鉴赏,你试一试
577,文,唐宋词鉴赏,我不太会唐诗词鉴赏,我也不会
578,文,唐宋词鉴赏,你会唐诗词鉴赏,"是呀,小时候就学过,现在没有了,所以只能写写诗词,有感而发了。"
579,文,唐宋词鉴赏,你会唐诗词鉴赏吗,你是谁?
580,文,毛泽东思想与中国特色社会主义理论体系概论,你会唐诗词鉴赏吗,会一点点
581,文,毛泽东思想与中国特色社会主义理论体系概论,毛中特好学吗,很好学啊
582,文,毛泽东思想与中国特色社会主义理论体系概论,你会毛中特吗,不会啊
583,文,毛泽东思想与中国特色社会主义理论体系概论,你会什么,会数学
584,文,毛泽东思想与中国特色社会主义理论体系概论,会高数吗,会啊
585,文,毛泽东思想与中国特色社会主义理论体系概论,你给我出个题我看看,好啊
586,文,毛泽东思想与中国特色社会主义理论体系概论,给我出一个毛中特,不会
587,文,毛泽东思想与中国特色社会主义理论体系概论,毛泽东思想主旨是什么,毛泽东思想是什么
588,文,毛泽东思想与中国特色社会主义理论体系概论,毛泽东思想与中国特色社会主义旗帜是什么,毛泽东思想与中国特色社会主义旗帜是什么
589,文,毛泽东思想与中国特色社会主义理论体系概论,四个全面是什么,一个是物理一个是物理
590,文,毛泽东思想与中国特色社会主义理论体系概论,四个全面是什么,这个。。。。不知道啊
591,文,毛泽东思想与中国特色社会主义理论体系概论,中国特色社会主义理论体系是什么,就是你理解的那个
592,文,毛泽东思想与中国特色社会主义理论体系概论,我不是很理解什么是中国特色社会主义理论体系,你不是那个你是什么
593,文,毛泽东思想与中国特色社会主义理论体系概论,你怎么说话这个样子,我是人
594,文,毛泽东思想与中国特色社会主义理论体系概论,机器人也是人吗,我是人
595,文,毛泽东思想与中国特色社会主义理论体系概论,我聊了这么久为什么,因为你是人
596,文,毛泽东思想与中国特色社会主义理论体系概论,好有礼貌的机器人,这个嘛，你多和我聊聊就知道咯~
597,文,毛泽东思想与中国特色社会主义理论体系概论,全面深化改革的目标是什么,不是改革
598,文,毛泽东思想与中国特色社会主义理论体系概论,全面深化改革的目标是什么,那你是什么
599,文,毛泽东思想与中国特色社会主义理论体系概论,社会主义初级阶段,我又没有看过
600,文,毛泽东思想与中国特色社会主义理论体系概论,社会主义初级阶段理论是什么,不懂
601,文,毛泽东思想与中国特色社会主义理论体系概论,社会主义初级阶段理论是什么,你猜
602,文,毛泽东思想与中国特色社会主义理论体系概论,你猜我猜不猜,你猜我猜不猜
603,文,毛泽东思想与中国特色社会主义理论体系概论,我猜你不猜,我猜你不猜我猜
604,文,不朽的艺术：走进大师与经典,我猜你不猜,。和。，
605,文,不朽的艺术：走进大师与经典,我猜你不猜,。是。，。的，，脑一一。。、。，！
606,文,不朽的艺术：走进大师与经典,我猜你不猜,。。吃有，，，
607,文,不朽的艺术：走进大师与经典,不朽的艺术,，了。。想
608,文,不朽的艺术：走进大师与经典,艺术精神是什么,。，滴。出
609,文,不朽的艺术：走进大师与经典,人工智能,上。傻
610,其,新闻摄影,人工智能,这是最简单的技术。
611,其,新闻摄影,周星驰的电影是新闻摄影吗,周星驰的电影是使用数码照相机进行数码记录的过程。
612,其,新闻摄影,新闻摄影跟平常摄影有什么区别,你说的是影像记录和记录是一样的吗?
613,其,新闻摄影,摄影记录和记录是一样的吗,一样的
614,其,新闻摄影,新闻摄影六元素,"这是电影,不是电影。"
615,其,新闻摄影,新闻摄影四大原则是什么,是每一部电影都有每一部电影的原则。
616,其,新闻摄影,纪录片有意思吗,"纪录片是纪录片,纪录片是纪录片,纪录片是纪录片,纪录片是纪录片。"
617,其,新闻摄影,纪录片代表作有什么,纪录片代表作是：
618,其,新闻摄影,纪录片好看吗,"好看,也很好玩,比某些电影好看,"
619,其,新闻摄影,纪录片有哪些推荐的,"纪录片就是一个小说,那个是一本小说,你可以去搜搜看。"
620,其,新闻摄影,什么小说,《逃避现实的人生》
621,其,新闻摄影,这个小说好像是在影射我,我也看过.
622,其,新闻摄影,新闻摄影用什么摄像机,"这个我还真不知道,不过我们公司在拍,你可以去问问,谢谢。"
623,其,新闻摄影,你们工司在哪,我们是个很严肃的问题.
624,其,新闻摄影,什么严肃的问题,我是个有思想的人。
625,其,新闻摄影,我知道,"我是说,记录摄影,是一种艺术。"
626,其,新闻摄影,记录摄影是什么艺术,"摄影就是摄影的一种,但是,我也是很少做这个的。"
627,其,新闻摄影,你做什么的,摄影师
628,其,新闻摄影,小木老师会新闻摄影,"小木老师也会,小木老师也会。"
629,其,新闻摄影,小木老师会新闻摄影吗,"会啊,偶会拍照,摄影是我的强项,哈哈"
630,其,新闻摄影,你会新闻摄影吗,你会吗
631,其,新闻摄影,我不会,那你会什么
632,其,新闻摄影,我会吃饭,你要吃饭吗
633,其,新闻摄影,不要，我吃过了,"好吧,我错了."
634,其,新闻摄影,线下活动在哪里,在这里在这里在这里在这里
635,其,新闻摄影,这里是哪里,浙江省杭州市杭州市杭州市浙江省杭州市杭州市杭州市杭州市杭州
636,其,新闻摄影,杭州是个好地方,"杭州好地方,这里的人文清华也是好地方,杭州好地方,这里的人文清华也是好地"
637,其,新闻摄影,人文清华,你是认真的吗？
638,其,新闻摄影,人文清华好高大上,"嗯,可以的,我们学校的人文清华都是这样的,很多都是这样的,很多都是这样的"
639,其,新闻摄影,人文清华可以学摄影吗,"可以的,非常感谢~"
640,文,不朽的艺术：走进大师与经典,人文清华可以学摄影吗,，。一一。，。。上，？个想，。。。，开。可？。。不。
641,文,不朽的艺术：走进大师与经典,人工智能课要选修艺术精神吗,，。
642,文,不朽的艺术：走进大师与经典,你为什么不说话,。、
643,文,不朽的艺术：走进大师与经典,你让我怎么聊,，
644,文,不朽的艺术：走进大师与经典,人工智能是什么,开，吃一。一。。。来
645,文,不朽的艺术：走进大师与经典,人工智能是什么课程,。。滴是。。、一、
646,文,不朽的艺术：走进大师与经典,人你推荐的资源免费吗,"你推荐的,我可以帮你查询,免费"
647,文,不朽的艺术：走进大师与经典,我想要你帮我推荐一下,"我想要你帮我查询一下美学领域,我可以帮你查询一下"
648,文,不朽的艺术：走进大师与经典,美学领域有什么可以选的课程,美学领域有什么可以选的课程
649,文,不朽的艺术：走进大师与经典,你帮我查到了吗,"我的意思是美学领域,我的意思是美学领域,我的意思是美学领域,我的意思是"
650,文,不朽的艺术：走进大师与经典,美学领域是什么,美学领域是什么
651,文,不朽的艺术：走进大师与经典,你怎么又开始复读机了,你为什么要复读机呢？你为什么要复读机呢？
652,文,不朽的艺术：走进大师与经典,不朽的艺术是谁教的,不朽的艺术是谁教的?
653,文,不朽的艺术：走进大师与经典,不朽的艺术主要研究什么,领域领域领域领域领域
654,文,不朽的艺术：走进大师与经典,不朽的艺术主要研究什么领域,你说的领域是什么领域呢?
655,文,不朽的艺术：走进大师与经典,走进大师与经典，大师是谁,"主要研究领域,大师是谁,大师是谁,大师是谁"
656,文,不朽的艺术：走进大师与经典,复读机复读机,复读机
657,文,不朽的艺术：走进大师与经典,你是复读机,你是复读机
658,文,不朽的艺术：走进大师与经典,艺术概说问题讲述了什么,哈哈哈哈哈哈哈哈哈哈哈哈哈哈哈哈哈哈哈哈哈哈哈哈哈哈哈哈哈哈哈哈哈哈哈哈
659,文,不朽的艺术：走进大师与经典,你笑什么,笑你