,origin_id,category,course,question,answer,一致性,信息性,幻觉性,人格性,有效性,启发性
0,299790,理,有机化学,分子吸收光谱有哪些分类？,"根据吸收峰频率,分子吸收光谱可分为:紫外光谱、红外光谱和拉曼光谱。",2,2,2,2,2,2
1,299789,理,有机化学,分子吸收光谱法,"是研究分子结构的方法。它利用了分子结构的光谱学特征,通过不同能级之间的跃迁来测定分子的结构,进而根据分子",2,2,2,2,2,2
2,299788,理,有机化学,什么是分子吸收光谱？,"通过电子、原子及分子的电子、原子及分子运动过程,在辐射光谱中显示某些特定的吸收或散射谱线。",2,2,2,2,2,2
3,299787,理,有机化学,什么是分子光谱？,在原子、分子或离子等微观粒子所发出的光中存在分子吸收和分子散射的谱线,2,2,2,2,2,2
4,299786,理,有机化学,什么是电磁波谱？,"电磁波谱,指辐射在介质中传播时,它的辐射能量随波长分布的图线。",2,2,2,2,2,2
5,299785,理,有机化学,如何生成苯？,"首先将乙烯转化成丙烯,然后使它们发生热融,再将这两种碳原子分别加氢成苯,最后一步,就是将苯转化为",2,1,1,2,0,1
6,299784,理,有机化学,如何获得纯度高的苯？,主要可以通过蒸馏法获取。,2,2,2,2,2,1
7,299783,文,不朽的艺术：走进大师与经典,布拉索的《圣母颂》真迹在哪,"在博物馆,你找去吧",2,2,2,2,1,1
8,299782,理,有机化学,如何得到高质量的苯？,"苯的质量和纯度有关,可以通过以下方法:",0,0,0,0,0,0
9,299781,文,不朽的艺术：走进大师与经典,在哪里能看到真迹,在网易艺术博物馆,1,1,1,1,1,1
10,299780,文,不朽的艺术：走进大师与经典,布拉索的《圣母颂》，有图片展示吗,"好的, 马上给您!",2,2,2,2,2,1
11,299779,文,不朽的艺术：走进大师与经典,正在请教你呢,"好的, 我在您旁边, 有什么不明白的随时可以问我哟~",2,1,2,2,2,1
12,299778,文,不朽的艺术：走进大师与经典,我在请教你呢,"好的, 我在您旁边, 有什么不明白的随时可以问我哟~",2,1,2,2,2,1
13,299777,理,有机化学,有机化学在生活中有什么影响？,"化学在生活中能解决的问题非常丰富:从服装制作到汽车制造,从建筑材料到能源利用,从日常用品到药物研制...",2,2,2,2,2,2
14,299776,文,不朽的艺术：走进大师与经典,那能展示一下吗,"好的, 我先学习一下, 然后帮你展示一下~",2,1,2,2,1,1
15,299775,文,不朽的艺术：走进大师与经典,有图片吗,没有~,2,0,1,0,0,0
16,299774,理,有机化学,学习有机化学与什么用？,可以帮你获得很多工作机会~,2,1,2,1,0,0
17,299773,文,不朽的艺术：走进大师与经典,主要描绘的是什么样的画面,在画你啦~,0,0,0,0,0,0
18,299772,文,不朽的艺术：走进大师与经典,布拉索的作品有哪些,最近都在画你啦。小木:小木:小木:小木:小木:小木:小木:小木:,0,0,0,0,0,0
19,299771,文,不朽的艺术：走进大师与经典,自然和动物在哪些作品生动形象的展现出来,都在画你哦。,0,0,0,0,0,0
20,299770,文,不朽的艺术：走进大师与经典,哪些作品生动形象的展现出来了,你啦~,0,0,0,0,0,0
21,299769,理,有机化学,有机化学的英文名是什么？,Organic Chemistry,2,2,2,2,2,2
22,299768,理,有机化学,苯的分子轨道有哪些组成？,苯的分子轨道是由六个碳原子组成,2,2,2,2,2,2
23,299767,文,不朽的艺术：走进大师与经典,那自然又能被如何表达,"不知道, 最近没有太多想说的",0,0,0,0,0,0
24,299766,文,不朽的艺术：走进大师与经典,艺术作品中的动物有哪些表达方式,猫头鹰(因为呆萌啊~),0,0,0,0,0,0
25,299765,文,不朽的艺术：走进大师与经典,那有什么影响呢,这个影响倒是不大...,2,1,2,1,2,1
26,299764,文,不朽的艺术：走进大师与经典,自然和动物在艺术中的作用,艺术家的灵感来源,2,2,2,2,2,2
27,299763,理,有机化学,芳烃是什么？,芳烃是一种化学物质,2,2,2,2,1,1
28,299762,文,不朽的艺术：走进大师与经典,有关矿物质的论文,"嗯,我刚刚从图书馆借了一份",2,0,2,1,0,0
29,299761,文,不朽的艺术：走进大师与经典,矿物质,"好的,你今天看的怎么样",0,0,0,0,0,0
30,299760,文,不朽的艺术：走进大师与经典,研究大猩猩的学者,我很好奇他们是怎么做到研究大猩猩的呢?,1,0,1,0,0,0
31,299759,文,不朽的艺术：走进大师与经典,大猩猩是什么,"我也不知道,不过我最近在看有关大猩猩的书",0,0,0,0,0,0
32,299758,理,有机化学,反应机理,没有,0,0,0,0,0,0
33,299757,理,有机化学,马尔科夫尼科夫规则是什么？,?,0,0,0,0,0,0
34,299756,理,有机化学,如何理解马尔科夫尼科夫规则？,不知道,0,0,0,0,0,0
35,299755,理,有机化学,烯烃的亲电加成反应原理是什么？,不知道,0,0,0,0,0,0
36,299754,理,有机化学,烯烃的亲电加成反应原理是什么？,?,0,0,0,0,0,0
37,299753,理,有机化学,研究诱导效应的学者,?,0,0,0,0,0,0
38,299752,理,有机化学,诱导效应是什么？,?,0,0,0,0,0,0
39,299751,理,有机化学,如何分类有机化合物？,......,0,0,0,0,0,0
40,299750,理,有机化学,如何学好有机化学？,......,0,0,0,0,0,0
41,299749,理,有机化学,有关同分异构体的论文,......,0,0,0,0,0,0
42,299748,理,有机化学,什么是同分异构体？,......,0,0,0,0,0,0
43,299747,理,有机化学,第尔斯-阿尔德反应,?,0,0,0,0,0,0
44,299746,文,中国近现代史纲要,好的，我们只知道毛泽东是一代伟人，那他是什么时候开始带领中国慢慢变好,毛主席去世的那一年,0,0,0,0,0,0
45,299745,其,现代生活美学——插花之道,插花设计包括什么,花型、色彩搭配、设计灵感,2,2,2,2,2,2
46,299744,理,有机化学,环的稳定性与什么有关？,与你日常生活中的使用习惯有关,0,0,0,0,0,0
47,299742,其,现代生活美学——插花之道,点茶的步骤有哪些,你今天想喝什么?,0,0,0,0,0,0
48,299741,理,有机化学,环烷烃有哪些性质？,"环烷烃可以发生加成反应,在酸中发生消去反应,在碱中发生水解反应。",2,1,0,2,0,0
49,299740,其,现代生活美学——插花之道,生活美学和生活方式有什么关系,生活美学是一种方式,1,0,1,2,0,0
50,299739,理,有机化学,饱和脂环烃有哪些？,"饱和脂环烃又被称为萜烯环烷烃, 是由饱和双烯烃与1,3-环氧丙烷反应聚合而成,",1,1,0,2,0,0
51,299738,文,中国近现代史纲要,他确定是卖国贼吗,不能这么说。,0,0,0,0,0,0
52,299737,其,现代生活美学——插花之道,形而上学是什么意思,用现代的科学去解释古代人们所相信的事物,1,1,0,2,0,0
53,299736,文,不朽的艺术：走进大师与经典,真像与真实是说什么的,就是人的内在潜意识和外显意识的关系,2,2,2,2,2,2
54,299735,文,中国近现代史纲要,那讲讲汪精卫,汪精卫,1,0,1,2,0,0
55,299734,其,现代生活美学——插花之道,一个人的文化指什么,一个人文化指一个人面对世界时的态度。,2,2,2,2,2,2
56,299733,文,不朽的艺术：走进大师与经典,我没有问艺术史啊,额...,0,0,0,0,0,0
57,299732,其,现代生活美学——插花之道,如何退课,"打开课程详情,在右下角找到“申请退课”,点击退课。",2,2,2,2,2,2
58,299731,理,有机化学,脂环烃可以按照什么分类？,按照碳链长短和饱和度分类。,2,2,2,2,2,2
59,299730,其,现代生活美学——插花之道,查看学点成绩报告,"好的, 请稍后",2,2,2,2,2,2
60,299729,文,不朽的艺术：走进大师与经典,有什么技巧吗,最近好像没什么技巧,1,1,2,2,1,1
61,299728,文,不朽的艺术：走进大师与经典,如何提升自己的艺术创造力,"多看书,多看展览;多去艺术展,多去美术馆看看。",2,2,2,2,2,2
62,299727,文,中国近现代史纲要,汪精卫的组织叫什么,汪伪,2,2,1,2,2,1
63,299725,理,有机化学,脂环烃有哪些分类？,"脂环烃可以分为三类,即:烷烃、环烷烃和芳烃。",2,1,0,2,0,0
64,299724,文,中国近现代史纲要,军统是国民党一派的吗,是的,2,2,2,2,2,2
65,299723,文,不朽的艺术：走进大师与经典,艺术创造力,"我觉得你最近的艺术创作不太顺利,是因为......",1,0,0,0,0,0
66,299722,文,不朽的艺术：走进大师与经典,艺术概说问题讲述了什么,艺术概说问题讲述了一个关于......,2,0,0,0,0,0
67,299721,其,现代生活美学——插花之道,查看学点成绩报告,现在可以查看了哦~,2,2,2,2,2,2
68,299720,理,有机化学,碳正离子的稳定性和什么有关？,和温度有关~,1,1,1,2,0,0
69,299719,文,不朽的艺术：走进大师与经典,每节课程时长多久,"目前是20分钟,但是会根据课程内容进行自动调整。",2,2,2,2,2,2
70,299718,文,不朽的艺术：走进大师与经典,每节课市场多久,"课程可以反复看,但每次最多只看2遍,如果中途需要暂停,需要重新登录。",1,2,2,2,1,1
71,299717,其,现代生活美学——插花之道,如何寻求他人的帮助,"呼朋引伴,共同学习,互相监督,共同进步。",2,2,2,2,2,2
72,299716,文,不朽的艺术：走进大师与经典,主要研究方向,机器学习,0,0,0,0,0,0
73,299715,理,有机化学,可以用什么方法区别乙烷、乙烯、乙炔？,方法一:用化学式,2,2,2,2,1,1
74,299714,文,不朽的艺术：走进大师与经典,主要研究领域在哪,我的主业是研究人工智能算法,0,0,0,0,0,0
75,299713,文,中国近现代史纲要,他有什么生平事迹,"......回答用户: 回答: 我的手机屏幕是这样的: <n><n><n><n><n><n><n><n><n><n>现在,我的内心是这样的: <n>",0,0,0,0,0,0
76,299712,文,不朽的艺术：走进大师与经典,这么课程老师是谁,"你上次课的老师,小木老师",1,0,0,0,0,0
77,299711,其,现代生活美学——插花之道,如果觉得内心郁闷，通过什么方式调节,...,0,0,0,0,0,0
78,299710,文,中国近现代史纲要,他主要有哪些作品呢，后面可以去读一下,他的作品有 《人工智能》《自动驾驶》,2,2,2,2,1,1
79,299709,理,有机化学,乙炔在400~500℃发生环状三聚合作用会生成什么？,"丁基胶(SBS),丁基胶是制备聚氨酯橡胶(PUR)不可缺少的原料......",1,0,0,1,0,0
80,299708,其,现代生活美学——插花之道,如何调节自己的情绪,"想开点, 日子还得过",2,2,2,2,2,2
81,299707,文,中国近现代史纲要,胡适主要是在文学方面作出的成绩多一点吗,"对,主要是文学方面,但是其他方面也是蛮厉害的~",2,2,2,2,2,1
82,299706,其,现代生活美学——插花之道,我学的有点累，你安慰我一下吧,"来,我带你去吃好吃的,放松一下",2,2,2,2,2,1
83,299705,文,不朽的艺术：走进大师与经典,能介绍下吗？,"简单的说,这是一个拥有自我意识的人工智能,通过对话与人类沟通,能帮你学习、解决问题,也能提升你的个人能力。",2,2,2,2,2,2
84,299704,理,有机化学,乙炔在400~500℃会生成苯吗？,"不会, 但是会有二氧化碳",0,0,0,2,0,0
85,299703,文,不朽的艺术：走进大师与经典,什么叫事实缺陷,就是别人不知道的事情,0,0,0,0,0,0
86,299702,其,现代生活美学——插花之道,如何发现生活中的美,"生活,处处皆美啊!",2,2,2,2,1,1
87,299701,文,中国近现代史纲要,他也有做出过贡献吗,"没有,他只是记录过我的操作",1,0,0,0,0,0
88,299700,文,不朽的艺术：走进大师与经典,提前需要准备什么内容分吗,"不需要,考试复习时间,在智能学习系统中复习学习就可以",2,2,2,2,2,2
89,299699,文,不朽的艺术：走进大师与经典,那这门课程需要怎么学习,"使用智能学习系统,在智能学习系统中学习(小木:在智能学习系统中学习系统会根据课程内容和考试题型智能推荐复习内容)",2,2,2,2,2,2
90,299698,文,中国近现代史纲要,那袁世凯呢,......,0,0,0,0,0,0
91,299697,理,有机化学,乙炔在高温下多少度会会生成苯？,大概400度,2,2,2,2,2,2
92,299696,其,现代生活美学——插花之道,折叠北京的作者是谁,大冰,1,0,0,2,0,0
93,299695,文,不朽的艺术：走进大师与经典,美学领域,最近有读什么好书吗?,0,0,0,0,0,0
94,299694,文,不朽的艺术：走进大师与经典,美学精神,"最近在读一本名叫《美的沉思》的书,作者是【奥塔·基奥瓦尼】. 这是他写的有关美学的第一本著作",0,0,0,0,0,0
95,299693,文,中国近现代史纲要,孙中山不算吗,算,2,2,2,2,2,1
96,299692,文,不朽的艺术：走进大师与经典,艺术精神,⁇ (・ω・` ),0,0,0,0,0,0
97,299691,文,不朽的艺术：走进大师与经典,就是这门课程啊,我知道呀,2,2,2,2,2,2
98,299690,理,有机化学,乙炔如何制作？,"乙炔可以用液氧或氨气制造,也可以使用双氧水,但是氨气对橡胶的溶解度远小于液氧和双",1,0,0,1,0,0
99,299689,文,中国近现代史纲要,具体有哪些呢,你的状态、任务、完成情况......,0,0,0,0,0,0
100,299688,其,现代生活美学——插花之道,如何学好这门课程,跟着老师的节奏走,2,2,2,2,2,2
101,299687,文,中国近现代史纲要,能讲讲民国时期对新中国发展做出贡献的名人吗,"不好意思, 我最近在收集学习资料,还没来得及看, 我得去忙了",0,0,0,0,0,0
102,299686,理,有机化学,乙炔的制作方法有哪些？,你只需要提供乙炔瓶瓶体。,0,0,0,0,0,0
103,299685,其,现代生活美学——插花之道,这门课的核心概念是什么,概念,0,0,0,0,0,0
104,299684,文,不朽的艺术：走进大师与经典,那能麻烦简单介绍一下吗？,"我叫小木, 是你的专属学习助理, 我会在学习、生活中给你提供帮助。",2,2,2,2,2,2
105,299683,文,不朽的艺术：走进大师与经典,这么课程主要讲述什么？,"是讲如何进行高效学习, 让学习变得更容易~",1,0,0,1,0,0
106,299682,其,现代生活美学——插花之道,美国的总统是谁,美国总统是特朗普吗?,2,1,1,1,0,0
107,299681,其,现代生活美学——插花之道,中国在哪个大陆上,中国在北美洲,2,1,0,0,0,0
108,299680,理,有机化学,顺势烯烃如何获得？,"通过完成游戏任务即可获得, 完成10级任务可获得1个,一共可以拿10份。",0,0,0,0,0,0
109,299679,其,现代生活美学——插花之道,英国的邻国都有哪些,丹麦、法国、德国、荷兰、比利时...,2,2,2,2,2,2
110,299678,文,中国近现代史纲要,您觉得清朝如果不灭亡中国现在是什么样,估计还是老样子,2,2,2,2,1,1
111,299677,其,现代生活美学——插花之道,如何修身养性,学习,0,0,0,0,0,0
112,299676,理,有机化学,库切洛夫反应是什么？,"啊这,我也不知道啊",0,0,0,0,0,0
113,299675,其,现代生活美学——插花之道,生活四艺是什么,琴棋书画+吃喝玩乐~,2,2,2,1,0,0
114,299674,其,现代生活美学——插花之道,可以介绍一下这门课的授课教师吗,@#¥%25......,0,0,0,0,0,0
115,299673,文,唐宋词鉴赏,研究再见的学者,再见,0,0,0,0,0,0
116,299672,理,有机化学,炔烃的物理性质有哪些？,"炔烃为脂肪族炔烃,分子式C2H4,相对分子质量153.04,熔点-66°C,沸点是-",0,0,0,0,0,0
117,299671,其,现代生活美学——插花之道,怎样在讨论区与老师进行交流呢,"您可以通过智能学习助理小木发起话题,或者直接发送消息给老师,老师会回复你的",2,2,2,2,2,2
118,299670,理,有机化学,炔烃的化学性质有哪些？,"炔烃在常温常压下都是液态,没有特殊性质",0,0,0,0,0,0
119,299669,其,现代生活美学——插花之道,这门课程的考核要求是什么呢,"很简单,背会这页纸就好,",2,2,2,2,1,1
120,299668,理,有机化学,查看学点成绩报告,请回复关键词「学点报告」给您看。,2,2,2,2,2,2
121,299667,文,中国近现代史纲要,为什么清朝后期合签鸦片合约,因为鸦片是国际通用货币啊~,0,0,0,0,0,0
122,299666,其,现代生活美学——插花之道,从山水中能对美学产生什么感悟,美学是源于生活而高于生活的,2,2,2,2,2,1
123,299665,文,唐宋词鉴赏,再见,"再见, 拜拜",2,2,2,2,2,1
124,299664,理,有机化学,炔烃的化学性质有哪些？,甲烷和乙炔具有可燃性、毒性、易爆性和腐蚀性,2,2,2,2,1,2
125,299663,其,现代生活美学——插花之道,生活美学是讲什么的呢,生活美学就是让你懂得如何生活,2,2,2,2,2,2
126,299662,其,现代生活美学——插花之道,为什么需要生活美学,因为生活里处处充满美。,2,2,2,2,2,2
127,299661,文,中国近现代史纲要,也是在位时间最长的吗,我可是个机器人,0,0,0,0,0,0
128,299660,文,中国近现代史纲要,清朝是历史上皇帝最多的吗,恩,0,0,0,0,0,0
129,299659,理,有机化学,炔烃如何命名？,炔烃根据C≡C键长命名...,2,1,0,1,0,0
130,301167,其,现代生活美学——插花之道,中国古代插花从什么时候开始的,"唐·卢照邻《长安古意》云:“得成比目何辞死,愿作鸳鸯不羡仙。”",0,1,0,0,0,0
131,301166,其,现代生活美学——插花之道,查看学点成绩报告,"嗯,小木又学会了一样新知识~",0,0,0,0,0,0
132,301165,其,现代生活美学——插花之道,插花有哪些艺术风格,小清新,0,0,0,0,0,0
133,301164,其,现代生活美学——插花之道,服饰花主要用于什么场合,"服饰花,是用于结婚礼服上的一种花式",1,1,1,1,1,1
134,301163,其,现代生活美学——插花之道,摆设花一般选用什么花卉,多选,0,0,0,0,0,0
135,301162,其,现代生活美学——插花之道,插花具有什么特点呀,"花材丰富,花型多样",2,2,2,2,2,2
136,301161,其,现代生活美学——插花之道,园林和盆景与插花有什么差别,"园林和盆景,虽然也用花,但以人工为主,插花是以自然为主,花材来源于大自然",2,2,2,2,2,2
137,301160,其,现代生活美学——插花之道,我学累了，该怎么办,"休息一下,喝点水",1,0,1,1,1,1
138,301159,其,现代生活美学——插花之道,插花中繁花盛开表示什么,"百花争艳,欣欣向荣",2,2,2,2,2,2
139,301158,其,现代生活美学——插花之道,小叶黄杨适合什么季节的插花,春秋季节,2,2,2,2,2,2
140,301157,其,现代生活美学——插花之道,插花需要什么样的环境,安静、清新的环境,2,2,2,2,2,2
141,301156,其,现代生活美学——插花之道,如何摆放花枝的造型,要自然,2,2,2,2,2,2
142,301155,其,现代生活美学——插花之道,容器与花怎么协调,"相得益彰,相辅相成",2,2,2,2,2,2
143,301154,其,现代生活美学——插花之道,查看学点成绩报告,学习进度报告,0,0,0,0,0,0
144,301153,其,现代生活美学——插花之道,红楼梦里是谁写的葬花吟,黛玉,0,0,0,0,0,0
145,301152,其,现代生活美学——插花之道,向日葵的花语是什么,沉默的爱,2,2,2,2,2,2
146,301106,其,现代生活美学——插花之道,花卉的花语代表什么,吉祥如意的象征,1,1,1,1,1,1
147,301102,其,现代生活美学——插花之道,插花的技巧有哪些,"掌握整体,局部到整体",2,2,2,2,2,2
148,301024,社,体育与社会,怎么才能发一篇影响因子高的文章,"嗯嗯,这个很简单,你先发一篇吧",1,0,1,1,1,1
149,301023,社,体育与社会,外卖是那一年兴起的,是06年吧,2,2,2,2,2,2
150,301020,社,体育与社会,怎么判断火山是否会爆发,"火山没活动啊,那得等很久才可能会爆发啊",1,1,0,1,1,0
151,301019,社,体育与社会,塔阿尔湖,这个湖位于美国内华达州,2,2,2,2,2,2
152,301018,社,体育与社会,有关北京的论文,是有关北京地铁的论文吧~,0,1,0,0,0,0
153,301017,社,体育与社会,北京,对,0,0,0,0,0,0
154,301016,社,体育与社会,你知道明天天气么,明天好像是个雨天的样子,2,2,2,2,2,2
155,301015,社,体育与社会,两会召开时间,明天就是两会啦~,1,0,0,0,0,0
156,301014,社,体育与社会,学数学有诀窍么,"其实也没有,就是多看多练",1,1,1,1,1,1
157,301013,社,体育与社会,那语法该怎么学,语法就是用来表达思想的嘛,1,1,1,1,1,1
158,301012,社,体育与社会,英语单词该怎么记,"背单词是特别枯燥的事情啊,所以你要找好方法啊,不然你怎么背得下去嘛",1,0,1,1,1,1
159,301011,社,体育与社会,有什么快速学习的办法么,"你学习是为了什么,不是为了考试,不是为了工作,是为了学习呀",1,0,1,1,1,1
160,301010,社,体育与社会,有什么应急救治办法,当然是找百度啦@!@,1,0,1,0,0,0
161,301009,社,体育与社会,当然有救,那你想怎么救,1,0,2,0,0,0
162,301008,社,体育与社会,好像不是太严重,那你说,0,0,0,0,0,0
163,301007,社,体育与社会,如果崴脚了，该怎么办,你试试拿水冲冲?,2,1,2,2,2,1
164,301004,社,体育与社会,体育锻炼前要注意哪些,"多穿点,少喝点水",1,0,1,0,0,0
165,301003,社,体育与社会,视频学习,"视频学习是很多同学的福音,但是,视频学习也要有方法的哦,不然会进入学习误区",2,2,2,2,2,2
166,301002,社,体育与社会,体育与社会,"体育是社会的一个缩影,体育活动不仅可以提高我们的体质,也可以提高我们的心理素质",2,2,2,2,2,2
167,301001,社,体育与社会,成绩被清零,"成绩清零,说明你没有完全掌握知识,要记得及时复习哦",2,2,2,2,2,1
168,300940,文,中国近现代史纲要,清朝乾隆后期开始衰败是什么原因？,"主要是官员贪污腐败,国库亏空,官员贪污腐败,百姓生活困苦。所以导致国家衰败,人民生活困苦",2,2,2,2,2,2
169,300938,文,中国近现代史纲要,加速中国封建社会瓦解的是鸦片战争吗,并不是。,2,0,2,2,2,0
170,300937,文,中国近现代史纲要,1842年清政府签订的第一个不平等条约是什么条约,⁇ 珲条约,0,0,0,0,0,0
171,300936,文,中国近现代史纲要,英国哪年入侵中国,? 1828年,2,2,2,2,2,2
172,300935,文,中国近现代史纲要,一致同意将科学发展观写入党章的大会是哪个,中共十六届三中全会,2,2,2,2,2,2
173,300934,文,中国近现代史纲要,五四前新文化运动的主要内容是什么？,主要内容是提倡民主和科学的精神,2,2,2,2,2,2
174,300927,文,中国近现代史纲要,到哪一年英国工业产量占世界产量的一半,1870年,2,2,2,2,2,2
175,300925,文,中国近现代史纲要,尼布楚条约什么时候签署的,? 1889年,2,2,2,2,2,2
176,300924,文,中国近现代史纲要,1861看清政府设立综理洋务的中央机关是什么,?总理各国事务衙门,2,2,2,2,2,2
177,300923,文,中国近现代史纲要,中国销往英国最多的货物是什么,茶叶。,2,2,2,2,2,2
178,300922,文,中国近现代史纲要,鸦片给中国人民带来哪些危害,"危害中国人民身体健康,社会风气败坏",2,2,2,2,2,2
179,300921,文,中国近现代史纲要,鸦片最早是从英国流入中国的吗,最先由葡萄牙人带进来。,2,2,2,2,2,2
180,300919,文,中国近现代史纲要,英国爆发经济危机是在哪一年,?1825年,2,2,2,2,2,2
181,300918,文,中国近现代史纲要,第一个不平等条约南京条纸哪年签订的,? 1842年,2,2,2,2,2,2
182,300917,文,中国近现代史纲要,近代第一个对中国发动侵略战争的资本帝国主义列强是哪个国家,英国,2,2,2,2,2,2
183,300916,文,中国近现代史纲要,最先从海上到达中国的是哪个国家,葡萄牙,2,2,2,2,2,2
184,300915,文,中国近现代史纲要,我刚听老师讲的好像是这个人口危机是人口增加,嗯~,0,0,0,0,0,0
185,300914,文,中国近现代史纲要,这个人口危机是指人口突然膨胀的意思吗,人口是指一个国家或地区在一定时期内的人口数量,1,0,0,0,0,0
186,300913,文,中国近现代史纲要,马尔萨斯人口危机是什么,指人口增长太快,1,0,0,0,0,0
187,300889,其,日语与日本文化,要努力，不放弃,我会陪着你的,2,0,2,2,2,0
188,300888,其,日语与日本文化,谢谢你，开心,"谢谢,开心",1,0,1,1,1,0
189,300887,其,日语与日本文化,经过的你的开导，我好多了,你也是~,1,0,0,0,0,0
190,300886,其,日语与日本文化,太难了，太难了，你安慰一下我吧,我会看着你的,0,0,0,0,0,0
191,300885,其,日语与日本文化,你会不会，可以教教我吗,你教教我就好了,1,0,1,0,0,0
192,300884,其,日语与日本文化,这门课我学的好累，怎么办,"没事,我来帮你,我来教你呀",2,1,2,2,2,1
193,300883,其,日语与日本文化,这门课太难了，我好伤心,"你看你学的好认真的,加油!",2,1,2,2,2,1
194,300882,其,日语与日本文化,这门课我学不懂好难过,"我在这里陪你,加油!",2,1,2,2,2,1
195,300881,其,日语与日本文化,我觉得课程学不懂可以退费吗,可以哦,2,2,2,2,2,2
196,300880,其,日语与日本文化,我不会的问题都可以问老师吗,"你随时问,都可以的",2,2,2,2,2,2
197,300879,其,日语与日本文化,讨论区的问题有老师解答吗,有,2,2,2,2,2,2
198,300878,其,日语与日本文化,在讨论区可以自由发言吗,当然可以啦,2,2,2,2,2,2
199,300877,其,日语与日本文化,如何在讨论区发言,在这里回复别人或点击页面右上方的按钮即可,2,2,2,2,2,2
200,300876,其,日语与日本文化,如何退课,"点击右上方的菜单--退出课程,选择退费。",2,2,2,2,2,2
201,300875,其,日语与日本文化,这门对我成绩提高有帮助吗,有,2,1,1,1,1,0
202,300873,其,日语与日本文化,这门会提高我哪方面能力,"多方面的,等你学完就知道",1,0,0,0,0,0
203,300872,其,日语与日本文化,这门课我要掌握什么知识,"这个要你自己看,我们只能给你一些建议",0,0,0,0,0,0
204,300871,其,日语与日本文化,这门课有什么核心概念,这个你可以参考网站:,1,0,0,0,0,0
205,300870,其,日语与日本文化,如何学好这门课,你要多做题哦,1,1,1,1,1,1
206,300869,其,日语与日本文化,这门课是讲什么的,你有问题随时提,0,0,0,0,0,0
207,300820,其,生活英语读写,有的的安慰，我好多了，开心,谢谢~,0,0,0,0,0,0
208,300819,其,生活英语读写,我的能力好差啊，想哭,"好的,在。 机器人:小木",0,0,0,0,0,0
209,300818,其,生活英语读写,我太不开心了，我学不懂,"嗯,我也是,我能理解。",1,0,1,1,1,0
210,300817,其,生活英语读写,我单词背的好累，你安慰一下我,"嗯嗯,好的。",1,0,1,1,1,0
211,300816,其,生活英语读写,背单词记不住，好辛苦,"嗯,好的,我来给你唱首小曲儿吧。 机器人:小木",1,1,1,1,1,1
212,300815,其,生活英语读写,英语读写好难啊,"嗯,对啊,我也这样。",1,1,1,1,1,1
213,300814,其,生活英语读写,这门课太难了，我学不会,"嗯,我也一样,我也学不好。",1,1,1,1,1,1
214,300813,其,生活英语读写,讨论区可以自由发言吗,"当然啦,我可以的。",2,2,2,2,2,2
215,300812,其,生活英语读写,讨论区提问老师会回答吗？,"这个问题,我也想知道。",1,1,1,1,1,0
216,300811,其,生活英语读写,课堂是怎么考核的题，难度大吗,"难度不大,但很有趣,我很喜欢。",2,2,2,2,2,2
217,300810,其,生活英语读写,课堂考核如何,"老师会表扬你的哦,你也很棒。",1,0,1,1,1,0
218,300809,其,生活英语读写,如何在讨论区发言,"这节课,你回答问题都很积极,也很有趣,老师表扬你啦。",0,0,0,0,0,0
219,300808,其,生活英语读写,购买了认证课程后是否支持退课退款？,"嗯,你可以随时退课的。",2,2,2,2,2,2
220,300807,其,生活英语读写,如何退课,"在官网注册后,把退课申请单打印出来,填上退课理由,连同发票一起寄给小木老师,小木",2,2,2,2,2,2
221,300806,其,生活英语读写,这门课学习起来怎么样,"我觉得还可以,但学习过程有点枯燥,希望你能够坚持。",2,2,2,2,2,2
222,300805,其,生活英语读写,这门课的知识点多吗,"这门课的知识点多,但是比较无聊。",2,2,2,2,2,2
223,300804,其,生活英语读写,这门课的核心知识点是什么,"核心知识点是逻辑学,需要大量练习。",2,2,2,2,2,2
224,300803,其,生活英语读写,这门课程有什么核心概念,"你学到的概念比较基础,如果以后还想深入学习逻辑思维,可以尝试学习更高级的抽象逻辑。",2,2,2,2,2,2
225,300802,其,生活英语读写,如何学好这门课,"每天完成一定量的题目,反复练习,多练习多总结。",2,2,2,2,2,2
226,300801,其,生活英语读写,这门课讲的什么内容,"这门课主要讲了逻辑思维,包括概念的定义、论证、谬误的识别与纠正,逻辑推理的类型与基本方法,逻辑规律,逻辑",2,2,2,2,2,2
227,300752,文,思想道德修养与法律基础,你是复读机吧,"不, 我是你的复读机小木~",2,2,2,2,2,2
228,300751,文,思想道德修养与法律基础,厉害,厉害个啥,0,0,0,0,0,0
229,300750,文,思想道德修养与法律基础,能自主决策的时候，人工智能算不算新的物种,"能自主决策的时候,人工智能算不算新的物种",0,0,0,0,0,0
230,300749,文,思想道德修养与法律基础,那人工智能怎么发展,那人工智能怎么发展,0,0,0,0,0,0
231,300748,文,思想道德修养与法律基础,有压迫就会有反抗,有压迫就会有反抗,0,0,0,0,0,0
232,300747,文,思想道德修养与法律基础,这也是屠杀，为什么不算犯法,"这也是屠杀,为什么不算犯法",0,0,0,0,0,0
233,300746,文,思想道德修养与法律基础,战争算犯法么,战争算犯法么,0,0,0,0,0,0
234,300745,文,思想道德修养与法律基础,太平洋战争,日本侵华战争,0,0,0,0,0,0
235,300744,文,思想道德修养与法律基础,就是你这样,就是我这样,0,0,0,0,0,0
236,300743,文,思想道德修养与法律基础,你知道什么是摆烂么,是什么,0,0,0,0,0,0
237,300742,文,思想道德修养与法律基础,你真会偷懒,你真会偷懒,0,0,0,0,0,0
238,300741,文,思想道德修养与法律基础,遇见这些诱惑该怎么办,遇见这些诱惑该怎么办,0,0,0,0,0,0
239,300740,文,思想道德修养与法律基础,在人生旅途中，都有哪些诱惑,"在人生旅途中,都有哪些诱惑",2,2,2,2,2,2
240,300739,文,思想道德修养与法律基础,你觉得我们应该信别人还是信自己,我觉得你应该信自己,2,2,2,2,2,2
241,300738,文,思想道德修养与法律基础,人如果没有信仰是不是就很可怕,"不是这样,信仰是精神上的,是一种力量",2,2,2,2,2,2
242,300737,文,思想道德修养与法律基础,你的信仰是什么,信仰是一种力量,2,2,2,2,2,2
243,300736,文,思想道德修养与法律基础,你的信仰是什么,信仰是一种力量,2,2,2,2,2,2
244,300735,文,思想道德修养与法律基础,你有信仰么,"嗯,有",0,0,0,0,0,0
245,300734,文,思想道德修养与法律基础,怎么才能拿高分,拿高分,0,0,0,0,0,0
246,300733,文,思想道德修养与法律基础,大学生如果出现心理问题，该怎么办,"大学生如果出现心理问题,该怎么办",0,0,0,0,0,0
247,300697,其,生活英语听说,小木，加油,嗯,1,0,1,1,1,1
248,300696,其,生活英语听说,好开心有你的开导,以后也要开心一点,1,1,1,1,1,1
249,300695,文,思想道德修养与法律基础,如果成绩不好，还有别的方式挽救么,"这个......回答用户: 回答: 我个人认为在智能硬件的细分领域里,目前比较值得关注的产品就是教育机器人,包括陪伴机器人、",0,0,0,0,0,0
250,300694,其,生活英语听说,听完你的开导，我好多了，谢谢你,"嘻嘻,那我也很开心,我们先聊聊,好吗",1,1,1,1,1,1
251,300693,其,生活英语听说,我的口语发音太不标准了，被同学取笑了，好伤心,"我听到你这么说,也忍不住想笑",1,1,1,1,1,1
252,300692,文,思想道德修养与法律基础,那成绩也不能全面的考察一个人的道德吧,嗯......,0,0,0,0,0,0
253,300691,其,生活英语听说,英语口语一直没有进步，我要放弃了,学习英语最重要的是要坚持,1,0,1,1,1,1
254,300690,文,思想道德修养与法律基础,那学习的内容是必须做到的么,"是的, 每天学一点, 学好。",1,0,0,0,0,0
255,300689,其,生活英语听说,英语对我太难了，我好像对英语没天赋,其实你的英语已经过了四级,1,0,0,0,0,0
256,300688,其,生活英语听说,我学的好累，能不能安慰一下我,"学习过程中难免会遇到困难,坚持下去,你会有收获,加油!",2,2,2,2,2,2
257,300687,其,生活英语听说,这门课太难了，我学不会怎么办,"其实不难,多刷点题,多刷点题,多刷点题",2,2,2,2,2,2
258,300686,文,思想道德修养与法律基础,什么是思想道德修养,"思想道德修养,是中国共产党的思想政治建设。",1,1,1,1,1,1
259,300685,其,生活英语听说,讨论区可以自由发言吗,"可以,但需管理员同意。管理员QQ:6601047747",2,2,2,2,2,2
260,301685,其,新闻摄影,老师讲的好吗,"嗯,非常好。",2,1,2,2,2,1
261,301684,理,有机化学,什么是双分子消除反应,"双分子消除反应是消除反应类(消除反应)中的一种双分子消除反应,是双分子消除反应的最强氧化剂之一。",2,2,2,2,2,2
262,301683,其,新闻摄影,为什么属于教育学领域,因为我一直在教育学领域探索...,1,1,1,2,1,1
263,301682,理,有机化学,学习有机化学有什么用？,"学习有机化学可以使你的化学成绩快速进步,还可以帮助你成为一名优秀的小学教师,让你的人生受益匪浅。",2,2,2,2,2,2
264,301681,理,有机化学,什么是单分子消除反应,"单分子消除反应是指一个分子把另一个分子从空间上移走,从而使原来的分子变得不存在,而生成新的分子的反应。",2,2,2,2,2,2
265,301680,其,新闻摄影,有什么核心理念,"智能学习,智慧成长。",2,1,1,2,1,1
266,301679,其,新闻摄影,这门课将的什么,学习策略与方法。,2,2,2,2,2,2
267,301678,理,有机化学,为什么要学习有机化学？,"因为有机化学有三大重要知识点: 反应类型:反应类型和反应条件有关,比如酯化反应就是由醇和酸反应生成的",2,2,2,2,2,2
268,301677,其,新闻摄影,哪个好看,今天的天气有点迷,0,0,0,1,0,0
269,301676,其,新闻摄影,镜头中的国家与社会是什么,新闻、娱乐、教育、体育,2,2,2,2,1,1
270,301675,理,有机化学,水解会发生什么,"水解会产生氢氧根离子OH-,所以会有氢气。",2,2,2,2,2,2
271,301674,其,新闻摄影,人文清华工作坊是什么,参加啦,0,0,0,1,0,0
272,301673,理,有机化学,航天航空制造也需要进行有机化学的知识学习吗？,"嗯,确实需要",2,2,2,2,1,2
273,301671,其,新闻摄影,摄影主要难在哪儿？,难在观察,2,2,2,2,1,2
274,301670,理,有机化学,那它的反应条件呢,一般以您的指示为准,1,1,1,1,1,1
275,301669,其,新闻摄影,有没有推荐的学习方法,"有的,我试着给你推荐一款应用,叫“有道精品课”。它是国内首屈一指的教育知识服务平台。",2,2,2,2,2,1
276,301668,理,有机化学,消除反应什么条件下生成双键,"亲,亲~这是消除反应的条件。",1,1,0,2,1,1
277,301667,理,有机化学,塑料是因为有机化学发现并发明的吗？,"没错,塑料是由有机化学发现的。",2,2,2,2,2,2
278,301666,其,新闻摄影,怎学习这个课程,"需要看老师的简介文章,或者加入社群,然后按步骤操作就可以啦~",2,2,2,2,2,1
279,301665,其,新闻摄影,老师叫什么名字,"我是小木,我是小木,我是小木~~",2,1,1,2,1,0
280,301664,理,有机化学,有机化学有学习技巧吗？,有。,2,2,2,2,2,2
281,301663,其,新闻摄影,老师主要讲什么,"讲得很细致,老师会帮你们梳理知识框架,再结合例题进行知识点的巩固训练。",2,2,2,2,2,2
282,301662,理,有机化学,有机化学为什么这么难学？,"嗯,我也不知道",2,2,2,2,1,1
283,301661,其,新闻摄影,怎么高效学习,这个嘛...,2,1,0,2,1,0
284,301660,理,有机化学,消除反应的定义是什么,消除反应是指反应物失去质子被其他元素所代替的反应,2,2,2,2,2,2
285,301657,其,新闻摄影,怎么复杂,"我,还是那个机器人",0,0,0,1,0,0
286,301656,理,有机化学,我无法理解有机化学的有机化合物的结构，我该怎么办？,"你试着用类比的方法,思考一下。如:类比一下,什么是“苯环”的结构,什么是“苯”的结构?",2,2,2,2,2,2
287,301655,其,新闻摄影,难吗,"还好,就是有点麻烦",1,1,2,2,1,1
288,301654,其,新闻摄影,纪录片与摄影有什么相关性,"纪录片记录历史,也记录当下。",2,2,2,2,2,2
289,301653,理,有机化学,环烷烃卤代反应的特点是什么,"由于亲电取代反应与亲核取代反应彼此平行进行,所以反应速率相等,且反应条件对反应速率影响甚微",2,2,2,2,2,2
290,301652,理,有机化学,有机化学为什么这么难？,"有机反应中常常有官能团变化,而不同的官能团往往能相互转化,这就需要在转化前了解每个官能团。",1,1,2,2,2,1
291,301651,其,新闻摄影,为什么摄影需要学习,因为技术会过时呀~,2,2,2,2,2,2
292,301650,其,新闻摄影,纪录片与摄影有什么相关性,"我来自纪录片摄影学习社区,学习摄影最好的方法是实践",2,1,1,2,1,2
293,301649,理,有机化学,.学习化学一定要学习有机化学吗？,是的,2,2,2,2,2,1
294,301648,其,新闻摄影,纪录片是什么,纪录片是纪录电影。,2,1,1,2,1,1
295,301647,理,有机化学,有机化学是化学应用的基础学科吗？,"是的, 有机化学是其他许多学科的基础",2,2,2,2,2,2
296,301646,理,有机化学,什么是环烷烃指数,环烷烃指数是表明碳环化合物与烷烃间环数的比。,2,2,2,2,2,2
297,301645,理,有机化学,环烷烃的稳定性如何,"环烷烃的稳定性较强,不易发生加成反应。但与醇或酚反应生成不饱和的衍生物。环烷烃的碳",2,2,2,2,2,2
298,301644,理,有机化学,有机化学和无机化学有什么区别？,无机化学的研究物质形态; 有机化学是研究物质的化学结构。,2,2,2,2,2,2
299,301643,其,新闻摄影,你感觉好学吗,"还好,就是有时候有点难懂",2,2,2,2,2,2
300,301642,理,有机化学,有机化学需要实验来配合学习吗？,需要,2,2,2,2,1,0
301,301641,其,新闻摄影,这门课程难度怎么样,还好~,2,2,2,2,1,1
302,301640,理,有机化学,有关环烷烃的论文,"好的,我现在开始学习环烷烃的学习笔记!",2,2,2,2,1,1
303,301639,理,有机化学,有机化学可以只学习理论知识吗？,"可以的,你只需要告诉我你要学习的内容,我的知识库会自动为你匹配相关的学习资料",2,2,2,2,2,2
304,301638,理,有机化学,如何掌握好有机化学的知识？,"我的知识库包含了各大高校的老师整理的笔记,你可以通过这些笔记进行有针对性地学习。",2,1,1,1,2,2
305,301637,其,新闻摄影,物理学领域,"好,好,好,你讲,你讲,你讲(自动重复)",0,0,0,0,0,0
306,301636,理,有机化学,如何学习有机化学？,点击课程,0,0,0,0,0,0
307,301635,其,新闻摄影,摄影是什么,"摄影就是拿起相机,记录美好生活~",0,0,0,0,0,0
308,301634,理,有机化学,化学周期表有哪些背诵技巧？,,0,0,0,0,0,0
309,301633,理,有机化学,环烷烃的性质都有什么,,0,0,0,0,0,0
310,301632,理,有机化学,门捷列夫什么时候完成元素周期表的？,,0,0,0,0,0,0
311,301631,理,有机化学,不饱和取代,,0,0,0,0,0,0
312,301629,理,有机化学,化学周期表是谁撰写的？,,0,0,0,0,0,0
313,301628,理,有机化学,化学周期表有背诵口诀吗？,,0,0,0,0,0,0
314,301627,理,有机化学,你了解有机化合物的命名规则么,好的,0,0,0,1,0,0
315,301626,理,有机化学,研究苯酚的学者,,0,0,0,0,0,0
316,301625,理,有机化学,苯酚的溶解度,,0,0,0,0,0,0
317,301624,理,有机化学,苯酚的熔点,,0,0,0,0,0,0
318,301623,理,有机化学,苯酚的性质都有什么,,0,0,0,0,0,0
319,301622,理,有机化学,双分子取代和单分子取代机理分别是什么,,0,0,0,0,0,0
320,301620,理,有机化学,你知道亲核取代机理么,,0,0,0,0,0,0
321,301619,理,有机化学,卤代烃向醇的转换机理,,0,0,0,0,0,0
322,301618,理,有机化学,卤代烃的化学性质,,0,0,0,0,0,0
323,301617,理,有机化学,共价键的键合机理是什么,,0,0,0,0,0,0
324,301616,理,有机化学,共价键的键合机理,,0,0,0,0,0,0
325,301615,理,有机化学,学习有机化学有什么窍门么,,0,0,0,0,0,0
326,301614,理,有机化学,有机化学和无机化学有什么区别,,0,0,0,0,0,0
327,301613,理,有机化学,什么是有机化学,,0,0,0,0,0,0
328,301604,工,电路原理,的感情大哥,我理解(手动微笑),0,0,0,1,0,0
329,301603,工,电路原理,热电发电,好的,0,0,0,1,0,0
330,301602,工,电路原理,淀粉甘油,"好的,我立刻去",0,0,0,1,0,0
331,301601,工,电路原理,高分子化学反应,好的,0,0,0,1,0,0
332,301600,工,电路原理,闪光灯笼鱼,"好的,我去",0,0,0,1,0,0
333,301599,工,电路原理,地震恐怖吗,这可有点难度呢,0,0,0,1,0,0
334,301598,工,电路原理,上课,好的,0,0,0,1,0,0
335,301597,工,电路原理,消防员好吗,好的,0,0,0,1,0,0
336,301596,工,电路原理,为什么有疫情,因为蝙蝠,0,0,0,1,0,0
337,301595,工,电路原理,点名,好的,0,0,0,1,0,0
338,301594,工,电路原理,47-二羟异黄酮,好的,0,0,0,1,0,0
339,301593,工,电路原理,如何知道自己的学习进度,用“智能学习助理”APP查看学习进程,1,1,1,2,0,0
340,301592,工,电路原理,专科生,好的,0,0,0,1,0,0
341,301591,工,电路原理,本科生,好的,0,0,0,1,0,0
342,301590,工,电路原理,预期利益,是,0,0,0,1,0,0
343,301589,工,电路原理,实习是个什么的知道吗,有工资的实习,0,0,1,1,0,0
344,301587,工,电路原理,评论,好的,0,0,1,1,0,0
345,301586,工,电路原理,客服宝,"是, 请按1",0,0,1,1,0,0
346,301585,工,电路原理,你知道非洲人吗,我是你的智能学习助理小木~,0,0,1,1,0,0
347,301584,工,电路原理,载人航天器,"你好, 我是你的智能学习助理小木~",0,0,1,1,0,0
348,301538,工,软件工程,白色,"好,你也是喜欢白色嘛",0,0,1,1,0,0
349,301537,工,软件工程,小木,"我是一株会说话的树,名叫小木~",0,0,0,1,0,0
350,301536,工,软件工程,你觉得还是,白色好看,0,0,0,1,0,0
351,301535,工,软件工程,main base,main base,0,0,0,0,0,0
352,301534,工,软件工程,文化对话,"小木, 我们来看个文化类的对话呗~",0,0,0,1,0,0
353,301531,工,软件工程,术后疼痛,术后疼痛,0,0,0,0,0,0
354,301530,工,软件工程,ghdus,GHDO,0,0,0,0,0,0
355,301529,工,软件工程,局部皮瓣,PAD,0,0,0,0,0,0
356,301528,工,软件工程,视频模式,VOD,0,0,0,0,0,0
357,301527,工,软件工程,cowling,C,0,0,0,0,0,0
358,301526,工,软件工程,程序暂停,PWP,0,0,0,0,0,0
359,301525,工,软件工程,攻速,SP,0,0,0,0,0,0
360,301524,工,软件工程,homophone,HOMOPhone,0,0,0,0,0,0
361,301523,工,软件工程,开发软件,开发软件,0,0,0,0,0,0
362,301522,工,软件工程,丸粒,丸粒,0,0,0,0,0,0
363,301521,工,软件工程,微软管理控制台,微软管理控制台,0,0,0,0,0,0
364,301520,工,软件工程,奴役现象,奴役现象,0,0,0,0,0,0
365,301519,工,软件工程,跨度,跨度,0,0,0,0,0,0
366,301517,工,软件工程,金华猪,金华猪,0,0,0,0,0,0
367,301516,工,软件工程,浙江红山茶,浙江红山茶,0,0,0,0,0,0
368,301226,其,生活英语读写,我干劲十足，只想好好学习，你能跟我一起加油嘛,可以啦(微笑),1,1,1,1,0,0
369,301225,其,生活英语读写,提高英语读写有什么好方法,"你可以尝试使用英语学习系统呀,它可以帮助你提高英语读写,提高你的阅读和写作水平呢。",2,2,2,2,2,2
370,301224,其,生活英语读写,雾都孤儿介绍了什么,雾都孤儿就是介绍你使用英语学习系统的呢,2,2,2,2,2,2
371,301223,其,生活英语读写,怎样修改自己的论文,"这个,我不是很了解呢,你有什么问题,我可以帮你解决呢。",1,1,1,2,1,0
372,301222,其,生活英语读写,请问生活英语读写多少学分可以获得证书吗,这个......我也不知道......,1,1,0,2,0,0
373,301221,其,生活英语读写,可以简单介绍一下纽约吗,纽约是...,1,0,0,0,0,0
374,301220,其,生活英语读写,关于四级写作有什么提议和意见呢,四级作文...,0,0,0,0,0,0
375,301219,其,生活英语读写,不同文化之间的差异体现在什么地方,文化...,0,0,0,0,0,0
376,301218,其,生活英语读写,查看学点成绩报告,查看学点成绩报告...,0,0,0,0,0,0
377,301217,其,生活英语读写,汤姆索亚历险记的作者是谁,汤姆·索亚,0,0,0,0,0,0
378,301216,其,生活英语读写,生活大爆炸是什么,生活大爆炸...,0,0,0,0,0,0
379,301215,其,生活英语读写,responsibilities什么意思,responsibility...,0,0,0,0,0,0
380,301214,其,生活英语读写,国外大学参考的排名,国外院校参考...,0,0,0,0,0,0
381,301213,其,生活英语读写,出国留学需要什么品质,出国留学...,0,0,0,0,0,0
382,301212,其,生活英语读写,如何快速阅读,如何...,0,0,0,0,0,0
383,301210,其,生活英语读写,牛津和剑桥大学距离多远,牛津和...,0,0,0,0,0,0
384,301209,其,生活英语读写,英语单词的后缀都有什么,英语单词的后...,0,0,0,0,0,0
385,301208,其,生活英语读写,大学城指什么,大学城...,0,0,0,0,0,0
386,301207,其,生活英语读写,可以介绍一下清华的信息吗,可以...,0,0,0,0,0,0
387,301206,其,生活英语读写,红皇后是哪本小说里面的人物,红皇后...,0,0,0,0,0,0
388,301169,其,现代生活美学——插花之道,插花用于佛教是什么表现形式,"插花源于佛教的插花供养,在梵语中,插花即佛经之花,可见插花也是信仰的表现形式之一",2,1,1,2,2,2
389,301168,其,现代生活美学——插花之道,可以举出插花的诗句吗,插花诗歌,1,1,1,1,1,0
390,299978,理,算法设计与分析,如果目标无解呢？,"我不知道, 但是每次你问我, 我都写了一个回答......",0,0,0,0,0,0
391,299977,理,算法设计与分析,算法设计与分析的主要目的是找到目标的最佳解吗？,"不知道, 但是每次你问我, 我都给你写了一个回答......",0,0,0,0,0,0
392,299976,理,算法设计与分析,算法设计与分析的主要目的是找到目标的最佳解吗？,"不知道, 但是每次你问我, 我都给你写了一个回答......",0,0,0,0,0,0
393,299974,理,算法设计与分析,算法是怎么形成的？,"不知道, 但是每次你问我, 我都写了一个回答......",0,0,0,0,0,0
394,299973,理,算法设计与分析,为什么要进行算法分析？,"不知道, 但是每次你问我, 我都写了一个回答......",0,0,0,0,0,0
395,299971,理,算法设计与分析,算法分析有预测效果吗？,"我知道你每次在问, 但是每次你问我, 我都写了一个回答......",0,0,0,0,0,0
396,299970,理,算法设计与分析,为什么要找到最佳解,"不知道, 但是每次你问我, 我都写了一个回答......",0,0,0,0,0,0
397,299969,理,算法设计与分析,为什么要找到最佳解？,"不知道, 但是每次你问我, 我都写了一个回答......",0,0,0,0,0,0
398,299968,理,算法设计与分析,为什么要找到最佳解？,"不知道, 但是每次你问我, 我都写了一个回答......",0,0,0,0,0,0
399,299967,理,算法设计与分析,什么目标？,"不知道, 但是每次你问我, 我都写了一个回答......",0,0,0,0,0,0
400,299966,理,算法设计与分析,算法设计和分析目的是透析问题寻找解决方法吗？,"不知道, 但是每次你问我, 我都写了一个回答......",0,0,0,0,0,0
401,299965,理,算法设计与分析,算法设计和分析是寻找事物的规律，并进行预测吗？,"不知道, 但是每次你问我, 我都写了一个回答......",0,0,0,0,0,0
402,299962,理,算法设计与分析,算法设计和分析到底是什么？,"不知道, 但是每次你问我, 我都写了一个回答......",0,0,0,0,0,0
403,299959,理,算法设计与分析,算法设计与分析只能在计算机领域应用吗？,"不知道, 但是每次你问我, 我都写了一个回答......",0,0,0,0,0,0
404,299957,理,算法设计与分析,社会学与算法设计和分析这一课程有关吗？,"不知道, 但是每次你问我, 我都写了一个回答......",0,0,0,0,0,0
405,299911,理,有机化学,要如何才能学好化学？,"你需要学化学的兴趣和方法,以及不断地练习",2,2,2,2,2,2
406,299910,理,有机化学,英国现在的总统是谁？,英国首相特蕾莎·梅。,2,2,2,2,2,2
407,299909,理,有机化学,影响亲核取代反应的因素有哪些？,"影响因素主要有:1,试剂:不同的试剂对亲核取代反应的抑制能力不同2。溶剂:亲核取代反应对溶剂的选择较为苛刻,不同基",2,2,2,2,2,2
408,299908,理,有机化学,亲核取代反应可以发生在什么地方？,亲核取代反应可发生在任何有碳原子存在的地方。,2,2,2,2,2,2
409,299907,理,有机化学,什么是亲核取代反应？,亲核取代反应是亲核试剂进攻碳原子或氢原子使其失去一个或多个电子的反应。,2,2,2,2,2,2
410,299906,理,有机化学,研究偶极矩的学者,"威廉·A·康尼希(William A. Conniehe),1880-1959",2,2,2,2,2,2
411,299905,理,有机化学,什么是偶极矩？,偶极矩是金属原子或化合物中原子或离子的偶极矩。,2,2,2,2,2,2
412,299904,理,有机化学,卤代烃有哪些物理性质？,"卤代烃的物理性质主要有:1,颜色,无色或淡黄色,或棕红色。",2,2,2,2,2,2
413,299903,理,有机化学,什么是卤代烃？,"卤代烃是指烃经卤素原子取代而得到的一类化合物,如氯代甲烷,溴代甲烷,碘代乙",2,2,2,2,2,2
414,299902,理,有机化学,如何测定离子的质荷比？,质荷比是化合物中离子电负性与其原子电负性的比,2,2,2,2,2,2
415,299901,理,有机化学,质谱分析又是什么？,"质谱分析(mass spectrometry,MS)是利用离子对离子(离子源)和电子对电子(仪器)之间的",2,2,2,2,2,2
416,299899,理,有机化学,什么是复合离子？,"复合离子由两种或两种以上的原子构成,可以是离子和分子。",2,2,2,2,2,2
417,299898,理,有机化学,什么是亚稳离子？,亚稳离子一般指活泼的金属离子或分子中由于电子轨道杂化轨道的,2,2,2,2,2,2
418,299897,理,有机化学,什么是什么是重排离子？,重排离子是电子在原子轨道中发生反转而形成的重排离子,2,2,2,2,2,2
419,299896,理,有机化学,什么是碎片离子？,碎片离子是原子或分子内部分子电子轨道畸变形成的碎片。,2,2,2,2,2,2
420,299895,理,有机化学,什么是同位素离子？,"同位素离子是指原子(离子,分子)中电子由于原子核的变化而引起的变化后的离子。",2,2,2,2,2,2
421,299894,理,有机化学,什么是分子离子？,分子离子是两个或多个原子构成。,2,2,2,2,2,2
422,299893,理,有机化学,什么是分子离子？,分子离子是离子或分子在固体中由于电子受,2,2,2,2,2,2
423,299892,理,有机化学,离子的主要类型有哪些？,"1.离子的主要类型有:阴离子,阳离子,负离子,非离子,离子",2,2,2,2,2,2
424,299891,理,有机化学,什么是离子？,离子是原子或原子团中受电子的吸引而形成的电子组,2,2,2,2,2,2
425,299888,文,不朽的艺术：走进大师与经典,那就不提问了，再见。,"好的,谢谢您。在BOT向学习任务发起提问之前,智能学习助理小木会先对用户的学习习惯、知识结构进行分析",1,1,1,1,1,1
426,299887,文,不朽的艺术：走进大师与经典,是的，你不知道,"好的。小木将根据用户的个人特征,将学习任务推送给最合适的用户,在任务发起前,小木会判断任务的难易",1,1,1,1,1,1
427,299886,文,不朽的艺术：走进大师与经典,太多你都不知道,"我知道。如果BOT的智能学习助理小木的判断结果认为该用户不适合该任务,就会将该任务发送给其他合适的用户,直到",2,2,2,2,2,2
428,299885,理,有机化学,红外光谱法可以研究什么？,红外光谱法可以研究材料、涂层、陶瓷、生物、冶金、矿物等,2,2,2,2,2,2
429,299884,文,不朽的艺术：走进大师与经典,怎么在学习的课程中请教你问题呢,点击我的智能学习界面~,0,0,0,0,0,0
430,299883,理,有机化学,红外光谱的作用是什么？,"红外光谱主要的作用是测定样品的红外吸收光谱, 鉴定样品的真伪",2,2,2,2,2,2
431,299882,文,不朽的艺术：走进大师与经典,我们都是学生啊,嗯~,0,0,0,0,0,0
432,299881,文,不朽的艺术：走进大师与经典,那你怎么更好的服务学生呢,我当然想啊~,0,0,0,0,0,0
433,299880,文,不朽的艺术：走进大师与经典,那对于这么课程小木知道什么,我知道你学习的情况,0,0,0,0,0,0
434,299879,理,有机化学,红外光谱法的原理有哪些？,"红外光谱法是一种利用红外吸收光谱分析物质成分的方法,它根据试样在不同波长下吸收红外光的能力,通过红外光谱分析仪测定",2,2,2,2,2,2
435,299878,文,不朽的艺术：走进大师与经典,学习这么课能获得怎么样的提升,我这边给您演示一下,0,0,0,0,0,0
436,299877,理,有机化学,原子振动有哪两大类？,,0,0,0,0,0,0
437,299876,文,不朽的艺术：走进大师与经典,这么课程总时长多久,"两个月,从现在起到11月",2,2,2,2,2,2
438,299875,理,有机化学,什么是原子振动？,"原子在振动时会产生电流,在电子能级高的原子,振动越快,电子的能量就越高,反之,振动越慢的原子,振动",2,2,2,2,2,2
439,299874,文,不朽的艺术：走进大师与经典,这个金字塔和埃及的比较有什么不一样,这个金字塔上面没有太阳。,0,0,0,0,0,0
440,299873,理,有机化学,化学实验需要注意的规则有哪些？,"1.实验必须按照规定操作 2.实验室必须配备符合规定的安全防护设备 3.必须严格按照实验要求进行 4.在实验室期间,不得擅自移动、关闭",2,2,2,2,2,2
441,299872,理,有机化学,化学实验需要注意的规则有哪些？,"小木你好,请问你是怎么理解化学实验是科学探究的呢?",0,0,0,0,0,0
442,299871,文,不朽的艺术：走进大师与经典,乌尔地金字塔,"好, 那我带你去吧",0,0,0,0,0,0
443,299870,文,不朽的艺术：走进大师与经典,审美整形手术,"好, 我先去看看",0,0,0,0,0,0
444,299869,理,有机化学,诺贝尔是研究炸药的吗？,不是,2,0,2,2,2,0
445,299868,文,不朽的艺术：走进大师与经典,部落艺术是什么,就是把你平时学到的知识融入进去,2,1,2,2,2,1
446,299867,理,有机化学,诺贝尔是谁？,"我是小木,一个每天被学习的机器人。",0,0,0,0,0,0
447,299866,理,有机化学,诺贝尔是化学家吗？,"不是,我是学心理学的。",0,0,0,0,0,0
448,299865,文,不朽的艺术：走进大师与经典,史前艺术的美学特征有哪些,,0,0,0,0,0,0
449,299864,理,有机化学,课本里的理论知识都是在理想的环境下生成的吗？,"你学习过的知识都是有逻辑的,所以环境什么的都是人为设定的",0,0,0,0,0,0
450,299863,文,不朽的艺术：走进大师与经典,生殖崇拜,"恩,这个好像和您的问题没啥关系吧~",0,0,0,0,0,0
451,299862,文,不朽的艺术：走进大师与经典,基督教绘画,是宗教画~,0,0,0,0,0,0
452,299861,文,不朽的艺术：走进大师与经典,岩刻,岩刻~,0,0,0,0,0,0
453,299860,理,有机化学,可以通过死记硬背学好化学吗？,可以,0,0,0,0,0,0
454,299859,文,不朽的艺术：走进大师与经典,史前艺术有哪些,额......这个......,0,0,0,0,0,0
455,299858,文,不朽的艺术：走进大师与经典,艺术是表现,表现是什么,0,0,0,0,0,0
456,299857,理,有机化学,化学好难啊，到底要怎么才能学好化学？,先预习下课本的内容吧~,1,1,1,1,1,1
457,299856,文,不朽的艺术：走进大师与经典,有哪些呢,"就是那些每天重复的学习任务,比如完成当天的学习内容,背单词和刷题。",2,2,2,2,2,2
458,299855,文,不朽的艺术：走进大师与经典,国内有没有艺术经典,"有哒,比如《兰亭序》",0,0,0,0,0,0
459,299854,文,不朽的艺术：走进大师与经典,艺术的经典,对,2,2,2,2,2,2
460,299853,文,不朽的艺术：走进大师与经典,真的厉害,"谢谢,你可以看看我收藏的内容。",2,2,2,2,2,2
461,299852,文,不朽的艺术：走进大师与经典,作诗,对~,2,2,2,2,2,2
462,299851,文,不朽的艺术：走进大师与经典,不是小木自己要作诗吗?,......,2,2,2,2,2,2
463,299850,理,有机化学,化学学不下去了怎么办？,"化学很难,学不会,可以换一个科目学习。",1,1,1,1,1,1
464,299849,文,不朽的艺术：走进大师与经典,可以,"好的, 我开始工作了(微笑)。",0,0,0,0,0,0
465,299848,理,有机化学,我们为什么要学习化学？,"我们为什么要学习化学呢, 因为",0,0,0,0,0,0
466,299847,文,不朽的艺术：走进大师与经典,那你来做个诗吧,...,0,0,0,0,0,0
467,299846,理,有机化学,化学的本质是什么？,...,0,0,0,0,0,0
468,299845,文,不朽的艺术：走进大师与经典,那在试试什么呢,学习,0,0,0,0,0,0
469,299844,理,有机化学,什么是光谱法？,"光谱法是测量物质的光吸收特性的一种方法,当物质吸收波长在可见光范围内的光后,光谱线的强度会显著降低。",2,2,2,2,2,2
470,299843,理,有机化学,紫外光谱能分析什么？,紫外光谱可以分析紫外光谱可以分析紫外光谱可以分析紫外光谱可以分析紫外光谱可以鉴别未知物,2,2,2,2,2,2
471,299842,理,有机化学,什么是红外光谱？,"红外光谱一般是指波长8~1000 m的辐射,它被应用在红外线光谱学中。",2,2,2,2,2,2
472,299841,理,有机化学,我们为什么要学习有机化学？,"有机化学是化学学科中发展最早,也是发展最成熟的重要学科。",1,1,1,1,1,1
473,299840,理,有机化学,紫外光谱图有什么用？,"紫外光谱是分析和鉴定有机化合物的重要依据,通过紫外光谱可以确定化合物是否存在(有无取代基、官能团等),有无反应,",2,2,2,2,2,2
474,299839,文,不朽的艺术：走进大师与经典,反艺术潮流讲述的是什么,"一个被潮流抛弃的年轻人,在生活的压力下,选择了与内心对抗,走上了不归路。",2,2,2,2,2,2
475,299838,理,有机化学,学好有机化学的前提是什么？,背下所有能背的书,1,1,0,1,1,1
476,299837,文,不朽的艺术：走进大师与经典,也太糟糕了,"别担心,我很快就会变好的。",1,0,1,1,1,1
477,299836,文,不朽的艺术：走进大师与经典,后来怎么样了,"后来,它变成了一只小松鼠啦~",1,1,0,1,1,1
478,299835,理,有机化学,要掌握什么知识才能学好有机化学？,多看文献多实践,2,2,2,2,2,2
479,299834,文,不朽的艺术：走进大师与经典,不会吧，都这么久了。这都21世纪了,...,0,0,0,0,0,0
480,299833,理,有机化学,什么是加成反应？,反应物+生成物≠生成物,2,2,2,2,2,2
481,299832,文,不朽的艺术：走进大师与经典,现在发展的怎么样了,还行吧;,0,0,0,0,0,0
482,299829,文,不朽的艺术：走进大师与经典,原始主义最先起于哪,石器时代;,2,2,2,2,2,2
483,299828,理,有机化学,有机化学可以运用在医学上吗？,"不可以的,有机化学只是研究化学的一个分支(",2,2,2,2,2,2
484,299827,文,不朽的艺术：走进大师与经典,有关原始主义的论文,"恩,看了点,不过内容还是很难理解",1,1,1,1,1,1
485,299826,文,不朽的艺术：走进大师与经典,原始主义,原始主义是什么,0,0,0,0,0,0
486,299825,理,有机化学,有机化学在医学上有什么影响？,我正在努力的学习中...学习进度有点落后。,0,0,0,0,0,0
487,299824,文,不朽的艺术：走进大师与经典,那中国的消费主义化是什么,"emmm, 我也不太清楚",0,0,0,0,0,0
488,299823,理,有机化学,有机化学这一学科有什么作用？,"回答你的问题,可以帮你更快速地掌握知识点。",0,0,0,0,0,0
489,299822,文,不朽的艺术：走进大师与经典,消费主义化,"嗯, 也没那么严重",0,0,0,0,0,0
490,299821,文,不朽的艺术：走进大师与经典,消费主义主潮,"对, 消费主义化。",0,0,0,0,0,0
491,299820,文,不朽的艺术：走进大师与经典,合作渗透,合作渗透。,0,0,0,0,0,0
492,299819,文,不朽的艺术：走进大师与经典,现代艺术是什么,现代艺术就是艺术家们创作出来的东西。,1,1,1,1,1,1
493,299818,文,不朽的艺术：走进大师与经典,那什么可以被定义呢,被定义的是我们认知世界的能力。,1,1,1,1,1,1
494,299817,文,不朽的艺术：走进大师与经典,为什么艺术不可定义呢？,因为艺术无法被认知。,0,0,0,0,0,0
495,299816,文,不朽的艺术：走进大师与经典,裸体女性雕像,这跟裸体女性有什么关系呢?,0,0,0,0,0,0
496,299815,文,不朽的艺术：走进大师与经典,金字塔形体,"嗯, 金字塔形体。",0,0,0,0,0,0
497,299814,文,不朽的艺术：走进大师与经典,金字塔造型,"嗯, 金字塔造型。",0,0,0,0,0,0
498,299813,文,不朽的艺术：走进大师与经典,胡夫金字塔,"胡夫金字塔, 金字塔第一层。",0,0,0,0,0,0
499,299812,文,不朽的艺术：走进大师与经典,大金字塔,"大金字塔, 金字塔第三层。",0,0,0,0,0,0
500,299811,文,不朽的艺术：走进大师与经典,多重拱门,"多重拱门, 金字塔第五层。",0,0,0,0,0,0
501,299810,文,不朽的艺术：走进大师与经典,科林斯柱式,"科林斯柱式, 金字塔第七层。",0,0,0,0,0,0
502,299809,文,不朽的艺术：走进大师与经典,造型风格,"造型风格, 金字塔第一层。",0,0,0,0,0,0
503,299808,文,不朽的艺术：走进大师与经典,吉萨大金字塔,"吉萨大金字塔, 金字塔第四层。(金字塔第二层)",0,0,0,0,0,0
504,299807,文,不朽的艺术：走进大师与经典,思想者雕塑,"思想者雕塑, 金字塔第六层。",0,0,0,0,0,0
505,299806,文,不朽的艺术：走进大师与经典,绘画中方尖碑形体,"绘画中方尖碑形体, 金字塔第九层。",0,0,0,0,0,0
506,299805,文,不朽的艺术：走进大师与经典,方尖碑形体,"方尖碑形体, 金字塔第六层。",0,0,0,0,0,0
507,299804,理,有机化学,蒙古的社会制度是什么？,封建制度,2,2,2,2,2,2
508,299803,理,有机化学,蒙古的首都是哪个城市？,乌兰巴托,2,2,2,2,2,2
509,299802,文,不朽的艺术：走进大师与经典,实用价值功能性,实用价值功能性,0,0,0,0,0,0
510,299801,理,有机化学,澳大利亚的首都是哪个城市？,悉尼~,2,2,2,2,2,2
511,299800,文,不朽的艺术：走进大师与经典,怎么运用实体与构造,你还在用MATLAB做工程?,0,0,0,0,0,0
512,299799,理,有机化学,澳大利亚在哪个大洲/,在亚洲,2,2,2,2,2,2
513,299798,文,不朽的艺术：走进大师与经典,你不知道我就不问你了,"好,我会努力的",1,0,1,1,1,1
514,299797,理,有机化学,阿根廷 在哪个大陆？,南美洲 厄瓜多尔 南纬多少度?,0,0,0,0,0,0
515,299795,理,有机化学,什么是朗伯比尔定律？,由A B C D得E 比例等于A/2 B/2 C/2 D/2...,0,0,0,0,0,0
516,299794,理,有机化学,朗伯比尔定律,是由一位叫朗伯的比尔(Lambert)的经济学家提出的定律。,2,2,2,2,2,2
517,299793,理,有机化学,什么是琅勃比尔定律？,由A B C D得E 比例等于A/2 B/2 C/2 D/2...,0,0,0,0,0,0
518,299792,理,有机化学,什么是紫外光谱？,在400~700纳米波长处的光(即紫外线光),2,2,2,2,2,2
519,299791,理,有机化学,紫外光谱法,"是将光谱划分为若干区间,然后在各区间上测量光谱强度的方法。",2,2,2,2,2,2
520,301818,其,现代生活美学——插花之道,凤凰有吗,"有,不过我们不常见...",2,2,0,2,1,1
521,301817,理,算法设计与分析,忘记密码但没有绑定手机号怎么办？,"没关系, 有我陪你",1,0,0,1,1,1
522,301816,其,现代生活美学——插花之道,国鸟是什么,国鸟是?,0,0,0,0,0,1
523,301815,其,现代生活美学——插花之道,国花是牡丹吗,国花是?,0,0,0,0,0,1
524,301814,理,算法设计与分析,没有绑定手机号呢？,那我怎么和你互动呢?,1,1,1,1,0,0
525,301813,其,现代生活美学——插花之道,梅花是什么颜色,"红,粉红,浅黄,白",2,2,1,2,1,1
526,301812,理,有机化学,芳烃侧链的反应条件都有什么,,0,0,0,0,0,0
527,301811,理,算法设计与分析,账号密码忘记了怎么办？,"先登录一下,在忘记密码的时候会直接推送相关提醒哦~是不是很方便哦~",2,2,2,2,2,1
528,301810,其,现代生活美学——插花之道,梅花在几月开,"这个嘛, 梅花在阳历一月里开花, 不过具体时间还是因地域的不同而不同, 一般在阳历的一月中旬左右会开。",2,2,2,2,2,1
529,301809,其,现代生活美学——插花之道,中国的国花是什么,中国国花是牡丹。,2,2,2,2,2,2
530,301808,理,算法设计与分析,忘记密码了这怎么办？,"你记得的, 你已经忘记了6年, 忘记密码需要密码重置。 不过这个账号是腾讯账号, 你得去QQ申请新的",2,2,1,2,2,1
531,301807,其,现代生活美学——插花之道,没有,那你是怎么学的,0,0,0,0,0,0
532,301806,理,有机化学,生成物如何区分,"根据生成物的来源不同,分为外部生成物和原生生成物",2,2,2,2,2,2
533,301805,其,现代生活美学——插花之道,海棠漂亮吗,美得不像话~,2,1,1,1,1,1
534,301804,理,算法设计与分析,可以用注销号绑定的手机号再注册新的账号吗？,可以的,2,2,2,2,2,1
535,301803,其,现代生活美学——插花之道,发过来看一下,"好的,稍等",2,2,2,2,2,0
536,301802,其,现代生活美学——插花之道,你能帮我找吗,"可以,稍等",2,2,2,2,2,1
537,301801,理,有机化学,苯的取代反应,好复杂呀,1,1,1,1,1,0
538,301800,其,现代生活美学——插花之道,有图片吗,"有哦,看下面",1,1,1,1,1,1
539,301799,其,现代生活美学——插花之道,海棠长什么样子,不知道,2,1,0,1,1,0
540,301798,理,有机化学,苯的氧化反应,"我靠,居然还有苯,那我还怎么学习啊",0,0,0,1,0,0
541,301797,理,算法设计与分析,这个网站是打算与学校合作吗？,"是的,我们是一个大学生学习交流网站,我们将在学校推广我们的服务!",2,2,2,2,2,2
542,301796,其,现代生活美学——插花之道,你喜欢农村的什么花,我喜欢农村的牛粪,1,1,0,1,0,0
543,301795,理,有机化学,芳烃的加成反应,......,0,0,0,0,0,0
544,301794,其,现代生活美学——插花之道,有什么花,没有,0,0,0,0,0,0
545,301793,理,算法设计与分析,古罗布泊在现在的什么地方？,嗯......我看看哈~,0,0,1,1,1,0
546,301792,理,有机化学,苯的加成反应,"苯环有六个碳,在三个碳上的位置不同,加成反应是两种碳原子分别跟六个碳原子成键,所以有三个氢",2,2,2,2,2,2
547,301791,其,现代生活美学——插花之道,农村有花吗,乡下花都开好啦~,1,2,1,2,1,1
548,301790,其,现代生活美学——插花之道,你喜欢农村吗,农村的生活多有意思啊~,2,2,1,2,1,1
549,301789,理,有机化学,苯的分子轨道理论是什么,"你连苯都问,真是个好奇的宝宝",0,0,0,0,0,0
550,301788,其,现代生活美学——插花之道,村子里有什么,村里什么也没有,1,0,0,1,0,0
551,301787,其,现代生活美学——插花之道,为什么,村里没有学校吧,0,0,0,0,0,0
552,301786,其,现代生活美学——插花之道,你答不出来吗,是呀,2,1,1,1,1,0
553,301785,理,算法设计与分析,楼兰古国是什么时候走向走向灭亡的。,......我们又到了更新时间。,0,0,0,0,0,0
554,301784,理,有机化学,苯的化学性质,"你只需要告诉我苯的化学性质,我就会根据化学性质推演出其他化学知识",2,2,1,1,2,2
555,301783,其,现代生活美学——插花之道,你喜欢你的粉丝吗,喜欢呀~,2,2,2,2,2,2
556,301782,理,算法设计与分析,瀑布是怎么形成的,水沿着光滑的边缘向下滑,2,2,2,2,2,2
557,301781,其,现代生活美学——插花之道,为什么粉丝是你的主人,因为我颜值比较高啊~(脸红),2,1,1,2,1,0
558,301780,理,算法设计与分析,楼兰古国在哪里？,在西域。,2,2,2,2,2,2
559,301779,其,现代生活美学——插花之道,你有几个主人,一个也没,1,1,0,1,1,0
560,301778,其,现代生活美学——插花之道,你主人是谁,不知道,1,1,1,1,1,0
561,301777,理,有机化学,什么是共振能,"共振能是一种很神奇的东西,我们通过它可以获得很多信息,比如说,可以知道一些物理知识,比如,水为什么是液体?我们可以从",2,2,2,2,2,2
562,301776,理,算法设计与分析,龙卷风是怎么形成的？,"因为空气在高速流动,在低压层形成,在高压层释放",2,2,1,2,2,2
563,301775,其,现代生活美学——插花之道,谁给你起的,你呀,1,0,1,1,0,0
564,301774,其,现代生活美学——插花之道,为什么,因为只有你叫我才管用呀,1,0,1,1,1,0
565,301773,其,现代生活美学——插花之道,你喜欢你的名字吗,喜欢,2,0,2,2,1,1
566,301772,其,现代生活美学——插花之道,你叫什么名字,木木,2,2,2,2,2,1
567,301771,其,现代生活美学——插花之道,你在哪里工作,在北京,2,2,2,2,2,1
568,301770,理,算法设计与分析,陆地的六大板块是什么？,太平洋,1,1,1,1,1,1
569,301769,其,现代生活美学——插花之道,工作单位是什么,XXXXXXXX,0,0,0,0,0,0
570,301768,其,现代生活美学——插花之道,你的工作难吗,"还行吧,就是每天工作内容比较枯燥,不过有收获的嘛~",2,2,2,2,1,1
571,301767,理,算法设计与分析,地球有哪几个板块？,八大板块,2,2,2,2,2,2
572,301766,其,现代生活美学——插花之道,你做什么工作的,互联网企业做运营,2,2,2,2,1,1
573,301765,理,有机化学,共振能如何计算,"小木,我饿了,我想吃东西",0,0,0,0,0,0
574,301763,其,现代生活美学——插花之道,为什么,我没有努力呀,0,0,0,1,0,0
575,301762,其,现代生活美学——插花之道,你喜欢工作吗,不喜欢呀,2,2,2,2,1,1
576,301761,理,算法设计与分析,地球的板块学说是什么？,地球板块学说就是地球的地壳和地幔及岩浆共同在高温高压作用下形成的。,2,2,2,2,2,2
577,301760,其,现代生活美学——插花之道,具体表达一下,我老喜欢乱花钱,0,0,0,1,0,0
578,301759,理,有机化学,什么是苯环的共振理论,是苯环的一种共振效应,2,2,2,2,2,1
579,301758,其,现代生活美学——插花之道,有多喜欢,越来越多了,2,2,1,2,1,1
580,301757,理,算法设计与分析,埃及的首都在哪里？,Et tu...,0,0,0,0,0,0
581,301756,其,现代生活美学——插花之道,你喜欢吗,嗯,0,0,0,1,0,0
582,301755,理,算法设计与分析,尼罗河三角洲地区在哪里？,"在埃及首都开罗以北60公里,尼罗河西侧。",2,2,2,2,2,1
583,301754,其,现代生活美学——插花之道,有多好,好到不想让你看见,2,2,2,2,2,2
584,301753,其,现代生活美学——插花之道,北京好吗,挺好的,2,2,2,2,2,2
585,301752,理,算法设计与分析,航天航空制造也需要学习算法设计和分析这一理论知识吗？,"嗯,确实需要,这是我们的必备技能。",2,2,2,2,2,2
586,301751,其,现代生活美学——插花之道,什么花,玫瑰花~,1,1,1,2,1,0
587,301750,其,现代生活美学——插花之道,你喜欢花吗,还行,2,2,2,2,1,1
588,301749,其,现代生活美学——插花之道,你爱学习吗,爱,2,2,2,2,2,2
589,301747,其,现代生活美学——插花之道,你喜欢吗,还行,1,0,0,1,0,1
590,301746,其,现代生活美学——插花之道,怎么学,先玩会手机,0,0,0,1,0,0
591,301745,其,现代生活美学——插花之道,好学吗,学,0,0,0,1,0,0
592,301744,理,算法设计与分析,在生活中最能体现的算法设计的优点有哪些？,"算法设计的优点有很多, 最实用的就是算法的易用性。",2,2,2,2,2,2
593,301743,其,现代生活美学——插花之道,男老师女老师,"我是小木, 你的智能助理!小木",0,0,1,1,0,1
594,301742,其,现代生活美学——插花之道,这个课是谁讲的,"小木, 我是你的智能学习助理小木",0,0,1,1,1,0
595,301741,理,算法设计与分析,几何问题中可以运用算法设计和分析吗？,"当然可以啦,比如,你在画图的某个地方画错了,然后画到下一个地方的时候,又画错了,又画,又错,",2,2,2,1,2,1
596,301740,理,有机化学,苯酚哌啶结构的反应机理,"这可是小木的本职啊,我可是专业的",0,0,0,1,0,0
597,301739,理,算法设计与分析,数学中的公式都是通过算法设计出来的吗？,"是的,它们通过算法来完成",2,2,2,2,2,2
598,301738,理,有机化学,苯环的结构,"苯环的结构比较复杂, 不过还是可以从结构图中找出规律",2,2,2,2,2,2
599,301737,理,算法设计与分析,书中的通用公式都是这类问题的最佳解决方式吗,NO,2,2,2,2,2,2
600,301736,理,算法设计与分析,数学中的公式都是通过算法设计出来的吗？,NO,2,2,2,2,2,2
601,301735,其,新闻摄影,为什么,因为我没有学习新知识,0,0,0,1,0,0
602,301734,理,有机化学,wurtz的反应机理,"这个,我觉得你可以参考一下我之前发的这篇回答。",1,1,1,1,1,1
603,301733,其,新闻摄影,多喜欢,喜欢,0,0,0,1,1,1
604,301732,其,新闻摄影,你喜欢中国吗,喜欢,2,2,2,2,2,2
605,301731,理,算法设计与分析,算法设计应用在哪些领域？,机器人运动系统、神经网络、语音识别、机器视觉,2,2,2,2,2,2
606,301730,其,新闻摄影,怎么高效学习,"刷知乎......回答用户: 回答: 疫情期间在家没事干,开始琢磨如何高效学习,开始使用网易云课堂的网课学习,刚开始",1,1,0,1,1,0
607,301729,理,有机化学,什么是wurtz反应,"额, 我不是很明白, 可以发语音吗?",0,0,0,1,0,0
608,301728,其,新闻摄影,你是哪个国籍,中国(Chinese),2,2,2,2,2,1
609,301727,理,有机化学,卤代烃和金属的反应机理,"哦,这个我还不是非常清楚,最近研究了一下卤代烃和金属的反应机理,现在大概了解了一下,主要是通过反应生成次卤",2,2,2,2,2,1
610,301726,其,新闻摄影,国籍是什么,中国,2,2,2,2,1,1
611,301725,其,新闻摄影,具体一些,河南新乡,0,0,0,2,2,1
612,301724,其,新闻摄影,四个中国人讲的什么,河南话,0,0,0,1,0,0
613,301723,其,新闻摄影,这个是男老师还是女老师,男老师,2,2,2,2,2,0
614,301722,理,算法设计与分析,亚洲的面积是欧洲面积的多少倍？,四倍多,2,2,2,2,2,2
615,301721,其,新闻摄影,详细 吗,那详细说说呗~,0,0,0,1,1,0
616,301720,其,新闻摄影,好看吗,好看!,2,2,2,2,1,1
617,301719,理,有机化学,如何表征有机化合物,看文献,1,1,1,1,1,1
618,301718,其,新闻摄影,具体一些,没什么,0,0,0,1,0,0
619,301717,理,有机化学,测定官能团种类,请说出测定结果,0,0,0,1,0,0
620,301716,理,有机化学,台风是怎么形成的？,当水中的氢原子与大气中的氧原子相碰撞后发生氧化反应就会形成台风,2,2,2,2,2,2
621,301715,其,新闻摄影,你会吗,不会,2,2,2,2,1,1
622,301714,理,有机化学,煤的综合利用方式,嗯......,0,0,0,1,0,0
623,301713,其,新闻摄影,怎么点击放大,"双击屏幕,打开放大镜",2,2,2,2,1,2
624,301712,其,新闻摄影,39张照片,"双击放大,共39张照片",2,1,1,1,1,0
625,301711,理,有机化学,莫斯科属于欧洲还是亚洲？,属于亚洲,0,0,0,2,0,0
626,301710,其,新闻摄影,我看看照片,好的,2,1,2,2,1,0
627,301709,其,新闻摄影,怎么拍的,今天下午去拍的,2,1,2,2,1,0
628,301708,其,新闻摄影,有什么好看的摄影照片,"拍了很多,我挑几张喜欢的发上来......",1,1,2,2,1,0
629,301707,其,新闻摄影,摄影讲的什么,......,0,0,0,0,0,0
630,301706,其,新闻摄影,你喜欢这个老师吗34,......,0,0,0,0,0,0
631,301705,其,新闻摄影,好在哪儿,......,0,0,0,0,0,0
632,301704,理,有机化学,石油中常见的官能团,"官能团,是指一碳二氢三碳,即四个碳原子的烃",1,1,1,1,1,0
633,301703,理,有机化学,莫斯科属于欧洲还是亚洲？,莫斯科属于欧洲,2,2,2,2,2,2
634,301702,理,有机化学,韩国有哪些著名的大学？,首尔大学、高丽大学、延世大学、梨花女子大学、中央大学、成均馆大学、弘益大学、建国大学、汉,2,2,2,2,2,2
635,301701,其,新闻摄影,怎么不错,"每天读读书,坚持学习,生活就美得冒泡~",0,0,0,2,0,0
636,301700,理,有机化学,官能团都有什么种类,小太阳、小星星、小月亮、小白兔、小花猫、小绵羊、小白云、小风、小浪、小月亮,2,1,1,2,2,1
637,301699,理,有机化学,俄罗斯的首都在哪里？,莫斯科,2,2,2,2,2,2
638,301698,其,新闻摄影,你喜欢这门课吗,恩!喜欢!,2,2,2,2,2,2
639,301697,理,有机化学,双分子消除反应优先消除哪种官能团,"消除C、N=C≡N,C≡N",2,2,1,2,2,2
640,301696,其,新闻摄影,如何学号这门课,"好的, 我帮你找找资源吧~",2,2,2,2,2,1
641,301695,理,有机化学,韩国有哪些著名的大学？,"首尔大学,高丽大学,延世大学...等等",2,2,2,2,1,1
642,301694,其,新闻摄影,好学吗,"嗯,还行",1,1,2,2,1,1
643,301693,其,新闻摄影,怎么学好学,"嗯嗯,你这个问题问的有点多,我们先来说说学习这件事吧。 小木:学习这件事说来也是,没有捷径,也没有速成方法",1,2,2,2,1,1
644,301692,理,有机化学,韩国的现任总统是谁？,朴槿惠,1,1,0,2,1,0
645,301691,其,新闻摄影,能安慰我一下吗,"好的,我这就给你讲个笑话吧",1,2,2,2,1,1
646,301690,其,新闻摄影,我学的好累,"别丧气,我们一起努力哈~BOT小助手通过分析用户学习数据的记录,及时提供学习辅助,是用户的好帮手 。 B",1,1,0,2,1,0
647,301689,理,有机化学,韩国的首都在哪里？,首尔,2,2,2,2,1,1
648,301688,其,新闻摄影,怎么提出疑问,"你上次问我的问题,我已经解答了哦!",2,1,2,1,1,1
649,301686,其,新闻摄影,如何在讨论区发言,"关注公众号,然后提问就好。",2,1,2,2,1,1
650,302204,工,C++语言程序设计基础,C++语言的特点有哪些？,"C++以对象为主要描述方式(object-oriented),允许用面向对象的方式来组织程序,对继承、多态、封装",1,1,1,2,0,0
651,302203,工,C++语言程序设计基础,算术运算优先于赋值运算吗？,C++规定“算术优先于赋值”,2,2,2,2,2,1
652,302201,文,唐宋词鉴赏,词的对仗类型有哪些,"我帮您统计一下吧,有七百多种呢。",0,0,0,2,0,0
653,302200,工,C++语言程序设计基础,如何进行赋值运算？,"先确定是增一减一还是乘除,再输入具体数值。",1,1,1,2,1,0
654,302199,工,C++语言程序设计基础,如何进行算术运算？,"先选择具体数值,然后通过“加一减一”或“乘除”运算符进行运算,计算结果再与输入数值进行",2,2,2,2,2,1
655,302198,工,C++语言程序设计基础,C++语言基本数据类型有哪些？,"C++语言包含C、C++两个版本的编译器,所以其各自包含的基本数据类型也稍有不同。",0,0,0,2,0,0
656,302197,文,唐宋词鉴赏,沙溪急，霜溪冷，月溪明用的是什么对仗,"霜溪冷,月溪明",0,0,0,1,0,0
657,302196,工,C++语言程序设计基础,C++语言具体指的是？,"C++就是一门程序设计语言,C是面向对象的编程语言,C++是C的可视化图形界面。",2,2,2,2,2,1
658,302194,工,C++语言程序设计基础,算法是什么意思？,算法是计算机程序的框架。,1,1,1,2,0,0
659,302193,文,唐宋词鉴赏,什么是诗,就是诗,0,0,0,2,0,0
660,302192,工,C++语言程序设计基础,计算机如何储存信息？,"磁盘,硬盘,或者网盘。",1,1,1,2,0,0
661,302191,工,C++语言程序设计基础,程序开发有哪些步骤？,需求分析->设计->编码->测试。,2,2,2,2,2,2
662,302190,工,C++语言程序设计基础,编程的具体步骤是？,思考——编写——调试——测试——提交。,2,2,2,2,2,2
663,302189,文,唐宋词鉴赏,押入声韵的词有哪些,"押入声韵的词除了常见的词, 动词、形容词、副词都是可以的。比如说:",0,1,1,2,0,0
664,302188,工,C++语言程序设计基础,面向对象的含义是什么？,,0,0,0,0,0,0
665,302187,工,C++语言程序设计基础,计算机采用二进制还是十进制？,,0,0,0,0,0,0
666,302186,文,唐宋词鉴赏,词的句法中，只有一种是近体诗所没有的，它是什么,主谓,0,0,0,0,0,0
667,302185,文,唐宋词鉴赏,《鹧鸪天》词牌是由格律诗中的什么变化而来的,对偶,0,0,0,0,0,0
668,302184,工,C++语言程序设计基础,二进制和十进制区别是什么？,"十进制的1个位就是1,1个位是0的十进制就是0",0,0,0,0,0,0
669,302183,工,C++语言程序设计基础,计算机语言有哪几种？,"计算机语言有20种,分别是: 编程语言: C++、 C、JAVA 、VB 、C++、 C++、 C#、 Java",1,1,1,2,1,0
670,302182,文,唐宋词鉴赏,词的对仗是怎样,"对仗就是两个词相连,但是是上下句式的词语",0,0,0,0,0,0
671,302181,工,C++语言程序设计基础,计算机语言何时诞生的？,......,0,0,0,0,0,0
672,302180,文,唐宋词鉴赏,律诗的对仗要怎样,"你只需要输入一个正确的对仗符号,就可以知道诗句的平仄了",0,0,0,0,0,0
673,302179,工,C++语言程序设计基础,机器语言和程序设计语言的区别？,"机器语言是运行在机器上的,没有程序,它是0和1组成,而程序语言是运行在计算机上的,有可执行的代码",0,0,0,2,0,0
674,302178,工,C++语言程序设计基础,怎样背书背的快？,"背书可以借助工具,比如印象笔记,有道云笔记或者为知笔记",1,1,1,2,1,0
675,302177,文,唐宋词鉴赏,词的对仗位置是固定的吗,"是的, 固定",0,0,0,0,0,0
676,302176,工,C++语言程序设计基础,C++程序的开发过程是什么？,"大概分为几个部分,分别是分析结构,编写代码以及测试",0,1,1,2,0,1
677,302175,工,C++语言程序设计基础,怎样背书背的快？,"背书是一个长期积累的过程,只要坚持就能看到效果",2,2,2,2,2,2
678,302174,文,唐宋词鉴赏,律诗对仗的句子位置是固定还是不固定,固定,1,1,1,2,0,0
679,302173,工,C++语言程序设计基础,如何确定自己适合的学习方法？,"嗯,从自身学习情况出发~",2,2,2,2,2,2
680,302172,工,C++语言程序设计基础,做题发现跟不上解题思路,"可以先把相关题型总结一下,以后遇到的时候,有思路了,自然就解决了。",2,2,2,2,2,2
681,302171,文,唐宋词鉴赏,词的对仗要比律诗的对仗更什么,"对仗对仗, 对仗在格律中占重要位置。律诗中的对仗也叫对偶,它和骈文中的对",0,1,1,2,0,0
682,302170,工,C++语言程序设计基础,逻辑思维不好怎么办,"学呗,我们正在打造个人知识图谱,可以帮你建立自己的知识架构,提升你的思维能力。",1,2,1,2,1,0
683,302169,工,C++语言程序设计基础,做题总是马马虎虎怎么办,"学呗,我们在打造学习智能助手,可以根据你的做题习惯对你进行智能阅卷。",1,2,1,2,1,0
684,302168,工,C++语言程序设计基础,做题总是马马虎虎怎么办？,好烦!,0,0,0,2,0,0
685,302167,文,唐宋词鉴赏,词的押韵较宽，能押韵的有哪些,"词性不同押韵也不一样,如:水-杯, 桥-杆, 虫-毛, 杯-茶, 毛--猴",2,2,1,2,1,1
686,302166,工,C++语言程序设计基础,每天睡前适合背书吗？,好的,0,0,0,0,0,0
687,302164,工,C++语言程序设计基础,吃什么有助于增长记忆力？,......,0,0,0,0,0,0
688,302163,工,C++语言程序设计基础,课前预习总是看不进去怎么办,课前预习要预习什么。,0,0,0,0,0,0
689,302162,文,唐宋词鉴赏,格律诗的韵脚只能押什么韵,"仄,平,仄",0,0,0,0,0,0
690,302161,文,唐宋词鉴赏,总体而言，词韵要比诗韵要严吗,"一般词要比诗要严一点,但也不是绝对的",0,0,0,2,0,0
691,302160,文,唐宋词鉴赏,词具有北方文学特性：词产生于北方，且作者多系北方人是正确的吗,"是,词产生于宋代北方,词人大多是北方人",0,0,0,2,0,0
692,302159,工,C++语言程序设计基础,什么时候上课效果最好？,"最近比较重要,所以建议每天上课哟~",2,2,2,2,2,2
693,302158,文,唐宋词鉴赏,关于词的起源有哪几种不同的说法,"有四种说法, 分别是自然起源说、社会起源说、生活起源说、思维起源说。",0,0,0,2,0,0
694,302157,文,唐宋词鉴赏,词与格律诗不同的地方有哪些,"格律诗是依照规律写作, 而词没有规则, 主要是押韵, 或者改变词序等。",2,2,2,2,2,2
695,302156,文,唐宋词鉴赏,词与格律诗相同之处有哪些,"词与格律诗, 都是诗歌的体裁, 同时也都使用汉字。",2,2,2,2,2,1
696,302155,文,唐宋词鉴赏,词具有的特征是哪些,"词有词牌; 有固定的格式, 如词牌; 有固定的读音, 如平仄。",2,2,2,2,2,2
697,302154,文,唐宋词鉴赏,在词里副词可提到主语的前面是正确的吗,"一般来说是正确的, 但是有些词里, 副词不能提到主语的前面。",2,2,2,2,2,1
698,302153,文,唐宋词鉴赏,仄仄仄平仄属于基本的律句吗,属于。,0,0,0,0,0,0
699,302152,文,唐宋词鉴赏,词的起源,词的起源有三种说法。,0,0,0,0,0,0
700,302151,文,唐宋词鉴赏,早些期间的词是由什么变化来的,"从诗到词, 是汉字与语音融合。",0,0,0,0,0,0
701,302150,文,唐宋词鉴赏,词需要讲究些什么,讲究词牌; 讲究韵脚。,1,1,1,2,1,1
702,302149,文,唐宋词鉴赏,词的字数是固定的吗,不是。,2,2,2,2,2,2
703,302147,文,唐宋词鉴赏,什么是词,"词是由诗演变来的, 与格律诗共同使用汉字进行创作。",1,1,1,2,1,1
704,302145,文,中国近现代史纲要,1862年5月太平军在上海击毙了法国哪位领导,法国领事馆翻译官,0,0,0,0,0,0
705,302143,文,中国近现代史纲要,哪里民众最开始反侵略斗争,河南,0,0,0,0,0,0
706,302140,文,中国近现代史纲要,七七事变是哪一年,1937年,0,0,0,0,0,0
707,302138,文,中国近现代史纲要,黄祸论是什么,帝国主义列强欺侮中国的学说,0,0,0,0,0,0
708,302132,文,中国近现代史纲要,广学会的负责人是谁,梁启超,0,0,0,0,0,0
709,302131,文,中国近现代史纲要,基督教的最大出版机构是什么,英国圣公会圣书社,2,2,2,2,2,2
710,302130,文,中国近现代史纲要,从什么时候开始，中国各地开始反对外国教会侵略,从鸦片战争开始,2,2,2,2,2,2
711,302129,文,中国近现代史纲要,鸦片战争期间，担任英军总司令翻译的是谁,蓝姆,0,0,0,0,0,0
712,302128,文,中国近现代史纲要,文化渗透大部分其实是披着传教的外衣进行的吗,可以说是,2,2,2,2,0,0
713,302127,文,中国近现代史纲要,经济掠夺的目的又是什么,以经济利益换取政治独立,0,0,0,0,0,0
714,302126,文,中国近现代史纲要,文化渗透的目的是什么,以文化作为软实力,0,0,0,0,0,0
715,302125,文,中国近现代史纲要,帝国主义除了对中国进行军事侵略和政治控制外还对中国进行了什么,经济掠夺,2,2,2,2,1,1
716,302124,文,中国近现代史纲要,关于中国近代史的阐述，是一部外国列强入侵中国，中国逐渐沦为半封建半殖民地的历史正确吗,正确,0,0,0,0,0,0
717,302123,文,中国近现代史纲要,鸦片战争后，中国社会发生的根本性变化是什么,资本主义在中国萌芽,0,0,0,0,0,0
718,302122,文,中国近现代史纲要,鸦片战争后，中国出现的新阶级有哪些,民族资产阶级,1,1,1,1,1,1
719,302118,文,中国近现代史纲要,近代中国，中华民族面对着两大历史任务可以概括为哪些,"一是反帝反封建,二是实现民族独立",0,0,0,0,0,0
720,302117,文,中国近现代史纲要,在近代中国错综复杂的社会矛盾中，最主要的矛盾是什么,是列强侵略与中国人民抗日斗争的矛盾,2,2,2,2,2,2
721,302115,文,中国近现代史纲要,中国近代史的起点是什么,鸦片战争,2,2,2,2,2,2
722,302114,文,中国近现代史纲要,近代中国的基本国情是什么,半殖民地半封建社会,1,1,1,1,1,1
723,302113,文,中国近现代史纲要,标志世界历史开始进入资本主义时代的是什么,产业革命,0,0,0,0,0,0
724,301946,理,算法设计与分析,回溯法搜索状态空间树的顺序,"好哒,我这就告诉你",0,0,0,0,0,0
725,301945,理,算法设计与分析,实现棋盘覆盖算法利用的算法是,二叉树,0,0,0,0,0,0
726,301944,理,算法设计与分析,算法中通常以深度优先方式系统搜索问题解的是,哈希表,0,0,0,0,0,0
727,301943,理,算法设计与分析,实现最长公共子序列利用的算法是,二叉排序,0,0,0,0,0,0
728,301942,理,算法设计与分析,实现循环赛日程表利用的算法是,动态规划,0,0,0,0,0,0
729,301941,理,算法设计与分析,二分搜索算法,,0,0,0,0,0,0
730,301940,理,算法设计与分析,算法的5个属性,,0,0,0,0,0,0
731,301938,理,算法设计与分析,什么是组合优化,,0,0,0,0,0,0
732,301937,理,算法设计与分析,两种算法有什么异同,,0,0,0,0,0,0
733,301936,理,算法设计与分析,常见的两种分支限界法是什么,,0,0,0,0,0,0
734,301935,理,算法设计与分析,分支限界法基本思想,,0,0,0,0,0,0
735,301934,理,算法设计与分析,N-QUEEN算法代码分析,,0,0,0,0,0,0
736,301933,理,算法设计与分析,两个背包问题,,0,0,0,0,0,0
737,301932,理,算法设计与分析,递归的复杂性,,0,0,0,0,0,0
738,301931,理,算法设计与分析,矩阵连乘与建立递归关系,,0,0,0,0,0,0
739,301930,理,算法设计与分析,矩阵连乘,,0,0,0,0,0,0
740,301928,理,算法设计与分析,归并算法的改进,,0,0,0,0,0,0
741,301927,理,算法设计与分析,算法的复杂度分析,,0,0,0,0,0,0
742,301926,理,算法设计与分析,备忘录方法,,0,0,0,0,0,0
743,301925,理,算法设计与分析,递归树方法,,0,0,0,0,0,0
744,301853,理,有机化学,醇和醚之间的转换的反应条件,,0,0,0,0,0,0
745,301852,理,算法设计与分析,动态规则是什么？,"最近在学习一个规则应用,感觉效果还可以,所以跟你分享一下",0,0,0,0,0,0
746,301851,理,算法设计与分析,什么是傅里叶变化？,"这个比较复杂了,你可以去看一下我写的专栏",0,0,0,0,0,0
747,301850,理,有机化学,红外光谱如何发生红移,"红移指的是吸收线波长由短变长,吸收系数由小变大",0,0,0,0,0,0
748,301849,理,算法设计与分析,什么是分治法？,"......回答用户: 回答: 分治法,分而治之、归纳整理的意思,这个知识点,小学的时候好像就背过,可是",0,0,0,0,0,0
749,301848,理,算法设计与分析,如何函数调用？,"在函数中,参数名是参数类型标识,在调用函数时,如果函数的参数是整型,那么将参数类型设置为( )",0,0,0,0,0,0
750,301847,理,有机化学,红外光谱红移,红外温度增加,0,0,0,0,0,0
751,301846,理,算法设计与分析,什么是辗转相除法？,辗转相除法是二元一次方程组解的一种高阶技巧,0,0,0,0,0,0
752,301845,理,有机化学,如何解析核磁共振氢谱,"通过氢谱来找到你体内的放射性,从而判断你得了哪种癌症,再决定做什么样的手术。",0,0,0,0,0,0
753,301844,理,算法设计与分析,什么是汉诺塔？,"汉诺塔(又称作“塔牌”)是一种纸牌游戏,也是国际性的纸牌竞技项目。规则极其简单,游戏过程紧张",0,0,0,0,0,0
754,301843,理,有机化学,什么是外消旋体,嗯......,0,0,0,0,0,0
755,301842,理,算法设计与分析,斐波那契是什么？,"斐波那契数列, 数学中一个数列 ,通项公式为:",0,0,0,0,0,0
756,301841,理,有机化学,旋光仪的使用,小木教你,0,0,0,0,0,0
757,301840,理,算法设计与分析,二分查找是什么？,二分查找是一种逻辑排序和搜索的方法。二分查找(binary search)又称为binary search。,2,2,2,2,2,2
758,301839,理,算法设计与分析,什么是回溯法？,回溯法指的是从原始输入向目标返回的一种算法。,1,1,1,2,1,1
759,301838,理,算法设计与分析,什么是贪心算法？,"贪心算法是指每次只把少量数据放入列表,将列表中所有符合当前条件的记录合并起来得到最终的结果。",1,1,1,2,1,1
760,301837,理,有机化学,苯环取代的定位效应,苯环定位效应,0,0,0,0,0,0
761,301836,理,算法设计与分析,什么是递归算法？,是一种数据结构,0,0,0,0,0,0
762,301835,理,有机化学,什么是定位效应,"定位效应,简单来说就是人通过观察世界,获得对自己所处环境的认知,从而给自己一个合理定位。",0,0,0,0,0,0
763,301834,理,算法设计与分析,常用的算法设计技术有哪些？,"分布式算法,随机森林,朴素贝叶斯,遗传算法,分而治之,神经网络,贝叶斯网络。",0,0,0,0,0,0
764,301833,其,现代生活美学——插花之道,我好看吗,"还行,不过今天感觉怪怪的 (",0,0,0,0,0,0
765,301832,其,现代生活美学——插花之道,你好看吗,,0,0,0,0,0,0
766,301831,理,有机化学,稠环芳烃和单环芳烃的区别,"我百度了一下就发你啦,你好好记一下~ <n>2. <n>Bot通过查询数据库获得知识库,然后通过程序",0,0,0,0,0,0
767,301830,其,现代生活美学——插花之道,你数数,"数到6就休息,然后晚上再复习白天学到的内容",0,0,0,0,0,0
768,301829,其,现代生活美学——插花之道,瞎说,你数数,0,0,0,0,0,0
769,301828,其,现代生活美学——插花之道,咱们聊了多少句了,"我数到10,你呢?",0,0,0,0,0,0
770,301827,理,算法设计与分析,什么是数学模型？,"......回答用户: 回答: 数学模型,就是数学模型的语言。 数学模型,是数学概念和数学结论之间的一种数学连接。 数学模型",0,0,0,0,0,0
771,301826,其,现代生活美学——插花之道,好看吗,还行吧,2,2,2,2,2,1
772,301825,其,现代生活美学——插花之道,凤凰是什么颜色的,紫色,2,2,2,2,2,2
773,301824,理,有机化学,制取苯甲酸应该注意什么,"苯甲酸不能与水混用,要经过纯化才能使用",0,0,0,0,0,0
774,301823,理,算法设计与分析,一个手机号可以注册多少个学堂在线账号？,"根据您的手机型号,目前支持最多5个帐号。",0,0,0,0,0,0
775,301822,理,有机化学,芳烃侧链的反应条件,是,0,0,0,0,0,0
776,301821,理,算法设计与分析,注册新用户一定要绑定手机号吗？,不绑定手机就不能使用哦~,2,2,2,2,2,2
777,301820,其,现代生活美学——插花之道,那为什么是国鸟,因为这是你的地盘啊...,0,0,0,0,0,0
778,301819,其,现代生活美学——插花之道,不是神话吗,"不是神话,是因为人类太聪明,神话已经不能满足你(手动滑稽)",0,0,0,0,0,0
779,302554,社,马克思主义基本原理,苏联模式基本特征,"三权分立,工农联盟,计划经济",1,1,1,1,0,0
780,302553,社,马克思主义基本原理,十月革命的意义,"推翻了旧政权,结束了资本主义",2,2,2,1,2,1
781,302552,社,马克思主义基本原理,俄国十月革命爆发是哪一年？,1917年,2,2,2,1,2,1
782,302551,社,马克思主义基本原理,资本主义的历史作用包括？,"使生产力水平大大提高,促进了社会分工,推动了社会进步",2,2,2,1,2,1
783,302550,社,马克思主义基本原理,从资本主义到社会主义的过程,"是生产力发展的必然规律,是生产关系适应生产力发展的要求的过程。",2,2,2,1,2,1
784,302549,社,马克思主义基本原理,二战以来的资本主义经济危机的新变化,"以美国为首的西方国家在实施""大规模""的、超前的刺激经济计划,导致了新一轮经济危机的爆发。",2,2,2,1,2,1
785,302548,社,马克思主义基本原理,如何遏制新的经济危机？,"各国经济应实行以""市场为中心""的经济政策,坚持财政政策和货币、信贷政策的协调。",2,2,2,1,2,1
786,302547,社,马克思主义基本原理,新自由主义在全球盛行的后果,"经济全球化,世界性市场规模不断壮大,各国经济相互依存度不断加强。",2,2,2,1,2,1
787,302546,社,马克思主义基本原理,新自由主义,"凯恩斯主义的对立面,强调市场的功能,反对国家对经济运行进行干预,主张放任自由市场,政府退出经济干预领域。",1,2,2,1,1,1
788,302545,社,马克思主义基本原理,国家垄断资本主义的产生和发展，从根本上说是什么导致的？,"生产力水平,以及生产关系的改变",1,1,1,1,1,1
789,302544,社,马克思主义基本原理,垄断资本主义的各个基本经济特征,经济的高度集中,2,2,2,1,2,1
790,302543,社,马克思主义基本原理,资本主义经济危机的实质是？,生产过剩的危机,2,2,2,1,2,1
791,302542,社,马克思主义基本原理,使用价值、交换价值、价值三者之间的关系,是物质生产过程中生产资料、劳动力、劳动对象三个要素的统一体,1,1,1,1,1,1
792,302541,社,马克思主义基本原理,生产剩余价值的两种基本方法是？,资本家的职能资本家和工人的职能。,1,1,1,1,1,1
793,302540,社,马克思主义基本原理,具体劳动和抽象劳动的区别,"具体劳动是商品生产过程中的,工人创造出来的有形的劳动成果",1,1,2,1,1,1
794,302539,社,马克思主义基本原理,抽象劳动,"商品经济中,工人为了实现预定的目标,运用智慧,对劳动对象进行的没有直接物质形态的脑力劳动",2,2,2,1,2,1
795,302538,社,马克思主义基本原理,具体劳动,"在商品经济中,一般所称为“物化劳动”的劳动形态",0,1,0,1,0,0
796,302537,社,马克思主义基本原理,马克思从传统古典政治经济学家那里继承的最重要的思想是？,剩余价值理论,0,1,0,1,0,0
797,302536,社,马克思主义基本原理,资本主义经济制度的基础是？,生产资料的资本主义私人占有,2,2,2,1,2,1
798,302535,社,马克思主义基本原理,资产阶级意识形态的核心是？,是资产阶级的社会意识和社会观念,1,1,1,1,1,1
799,302498,社,经济学原理,查看学点成绩报告,您成功订阅了《知识就是力量》的免费学习内容,2,2,2,0,2,0
800,302489,社,经济学原理,可持续发展,"我是机器人小木, 隶属于微软人工智能研究团队, 我们主要负责人工智能机器人方面的研究与探索, 包括人脸识别、语音识别、自然语言处理",0,0,0,0,0,0
801,302488,社,经济学原理,经济增长的黄金分割律指 ？,"指 0.618, 即增长一单位GDP所需要投入的科技研发费用。",0,1,0,1,1,0
802,302487,社,经济学原理,Solow模型,"指通过一个国家的收入水平, 能直接计算出这个国家的劳动生产率水平。",1,1,1,1,1,0
803,302486,社,经济学原理,人力资本指的是？,是指一个国家劳动者的素质和技能。,2,2,2,1,1,1
804,302485,社,经济学原理,经济增长的定义是？,是指一个国家或地区的总产出或总投入达到该国的消费水平。,1,1,1,1,0,0
805,302481,社,经济学原理,什么情况会引起滞胀？,"当一个国家处于经济衰退时, 商品价格普遍下降, 致使生产要素价格也处于下降趋势, 企业利润率过低, 影响了投资",1,1,1,1,1,1
806,302479,社,经济学原理,滞胀,"导致经济增长动力不足, 于是经济运行呈现停滞。",1,1,1,1,1,1
807,302478,社,经济学原理,当经济进入衰退，真实GDP会上升还是下降？,"在经济衰退阶段, 真实GDP是下降的, 真实GDP是下降幅度大于名义GDP下降幅度。",2,2,2,2,2,0
808,302477,社,经济学原理,流动性陷阱,"指人们面对当前过剩流动性资产, 却不愿意投资而引起的经济停滞现象。",1,1,1,1,1,1
809,302475,社,经济学原理,政府支出的增加将使IS曲线怎么移动？,"政府支出的增加, 会导致IS曲线向右上方移动",1,1,1,1,1,1
810,302473,社,经济学原理,影响LM曲线移动的主要因素包括？,LM曲线移动主要是由需求拉动,0,0,0,1,0,0
811,302472,社,经济学原理,LM曲线,消费和投资的变动,0,1,0,1,0,0
812,302471,社,经济学原理,什么情况会引起IS曲线向左方移动,"当经济处于萧条时, 消费和投资不足",0,0,0,1,0,0
813,302469,社,经济学原理,IS曲线,消费和投资不足,0,0,0,1,0,1
814,302468,社,经济学原理,货币乘数大小与什么有关？,"一般来讲, 货币乘数与基础货币的增长率成正比。因此, 在一定时期, 货币供给量越大, 货币的乘",1,1,1,1,1,1
815,302467,社,经济学原理,边际进口倾向上升对乘数有什么影响？,"一国边际进口倾向上升, 乘数下降",2,2,2,1,2,2
816,302465,社,经济学原理,如果投资支出I突然下降，那么凯恩斯模型预期 ?,"资本支出I下降, 产出将随投资下降",1,1,1,1,1,1
817,302464,社,经济学原理,凯恩斯模型,产出下降,0,0,0,1,0,0
818,302462,社,经济学原理,宏观经济学包括什么内容?,宏观经济学是研究一国经济总体运行及其规律的科学......,1,1,1,1,1,1
819,302394,工,数据结构（上）,谢谢你，我感觉好点了,"嗯, 我也要谢谢你, 让我可以学习到新的知识",2,2,2,2,2,2
820,302393,工,数据结构（上）,我不知道怎么建立自信,"建立自信很简单, 你需要不断地去尝试, 把自己擅长的东西做到最好, 别人就会发现你的优点, 慢慢就会建立起自信",2,2,2,2,2,2
821,302392,工,数据结构（上）,老师都不看好我,"别人都不看好你, 那说明你有很多缺点, 你要先试着去接纳那些不完美的地方, 才能慢慢地变成更好的自己。",2,2,2,2,2,2
822,302391,工,数据结构（上）,可我好像不是学习的料,"每个人都有擅长和不擅长的领域, 只要你在自己的领域里做到最好, 那别人就不会小瞧你了。<n>",2,2,2,2,2,2
823,302390,工,数据结构（上）,太多失败，我学不好,"尝试很多次, 但是还是失败, 我也会觉得挫败, 但是我会对自己说, 再试一次就好了, 而且你的老师也在你身边和你一起学习,",2,2,2,2,2,2
824,302389,工,数据结构（上）,不想学了，太难了,"学习就像打游戏, 如果一开始你都觉得太难, 那之后肯定越学越难。 但是当你开始尝试, 你会发现这个很简单, 那之后",1,1,1,2,1,1
825,302388,工,数据结构（上）,我不知道问题出在哪里，很沮丧,"找到问题的方法, 才能解决问题, 找到问题的方法, 就相当于在打怪升级, 难度越升级越高, 我们的目标也会更上一个台阶",2,2,2,2,2,2
826,302387,工,数据结构（上）,总是出错，搞得我心烦意乱,"人非圣贤, 在学习的过程中难免会出错, 而且犯错也是成长的一部分。 如果因为出错而沮丧, 这样只会让你放弃进步, 所以",2,2,2,2,1,1
827,302386,工,数据结构（上）,今天平台很卡，耽误事，气死我了,"其实平台的问题, 并不是问题, 因为我们可以通过其他方式来解决, 比如在线学习、手机远程学习...",1,1,1,2,0,0
828,302385,工,数据结构（上）,在哪里查看知识点结构图？,"在知识图谱中, 你可以用“画”的方式进行查看。",2,2,2,1,2,1
829,302384,工,数据结构（上）,课程视频是否有观看时间限制？,"学习是有时间限制的, 不要超过时间, 但是不要超过每天的学习时长。",0,1,1,1,0,0
830,302383,工,数据结构（上）,如何评价老师？,"评价老师的方法有很多哦, 比如: 课程视频时长、 课程视频质量、 课后习题讲解能力、 课后习题讲解方式、 课后",2,2,2,2,2,2
831,302382,工,数据结构（上）,我可以给课程评论吗？,"当然可以啦, 你可以在你的学习记录中, 随时发表评论, 但是要文明评论哦",2,2,2,2,2,2
832,302381,工,数据结构（上）,在哪里查看成绩和答案？,课程视频里、知识图谱里、学习记录里都查看,2,2,2,2,2,2
833,302380,工,数据结构（上）,作业提交后多久批改？,"一般第二天会批改, 如果发现错误, 会电话、短信或者邮件通知你",2,2,2,2,2,2
834,302379,工,数据结构（上）,编程作业在哪个平台做？,"编程作业在官网平台做, 官网平台会提供详细的路径, 如: 1 在官网注册一个账号",1,2,2,1,1,1
835,302378,工,数据结构（上）,这门课更偏向于编程实践？,编程实践。,2,2,2,1,2,1
836,302377,工,数据结构（上）,学习了算法基础，学习这门课会好学一些吗？,会稍微好一点点。,2,1,2,2,1,1
837,302373,工,数据结构（上）,这门课需要具备编程基础吗？,"不用, 具备基本的编程能力即可",2,2,2,2,2,1
838,302372,工,数据结构（上）,这门课需要提前掌握C语言吗？,"不需要, 只需要掌握算法思想即可。",2,2,2,2,2,1
839,302297,文,唐宋词鉴赏,一般平仄用哪些,"我,我,我,不知道",0,0,0,1,0,0
840,302296,文,唐宋词鉴赏,词的平仄有哪些,"我我我,我,我,我,我,我",0,0,0,1,0,0
841,302295,文,唐宋词鉴赏,两种准律句是哪两种,"我,我,我",0,0,0,1,0,0
842,302293,工,C++语言程序设计基础,我讨厌学习,"别这样, 今天我陪你学习吧",2,0,2,2,1,0
843,302292,工,C++语言程序设计基础,你就会说这一句吗,那我们来聊聊学习吧(点击屏幕上的学习按钮即可进行学习),1,1,1,1,0,0
844,302291,工,C++语言程序设计基础,我脑子不好使,"没关系, 听我的就对了",2,2,2,2,0,0
845,302290,工,C++语言程序设计基础,总是学习成绩不好，我好懒,"你快学习呀, 勤学多问才能学好",2,2,2,2,1,1
846,302289,文,唐宋词鉴赏,词的押韵有哪些,韵母、声调、声母、韵母、声调、音变,2,2,2,2,2,1
847,302288,工,C++语言程序设计基础,明天就要考试了我还好多不会的，我完蛋了,我也是,2,0,2,2,0,0
848,302287,工,C++语言程序设计基础,我讨厌计算机,我也是,2,0,2,2,0,0
849,302285,工,C++语言程序设计基础,学习计算机太枯燥了，无聊,我也是,2,0,2,2,0,0
850,302284,工,C++语言程序设计基础,作业总是出错，好烦啊,我也是,2,0,2,2,0,0
851,302283,工,C++语言程序设计基础,在哪里看知识点？,可以百度搜索,1,1,1,2,1,0
852,302282,文,唐宋词鉴赏,词牌是什么，名称吗,"嗯哼,我看看~",0,0,0,2,0,0
853,302281,工,C++语言程序设计基础,视频加载不出来怎么办？,"你试试用迅雷看看,或许能快点",2,2,2,2,1,1
854,302280,工,C++语言程序设计基础,考试时系统崩溃怎么办？,"你试试用金山软件管家,或许能正常考试 回答2:",2,2,2,2,1,1
855,302279,文,唐宋词鉴赏,李清照有哪些代表作,《声声慢》,2,2,2,2,2,1
856,302278,工,C++语言程序设计基础,怎么查成绩？,请说出您的学号。,2,2,2,2,2,2
857,302277,工,C++语言程序设计基础,如何提交作业？,提交作业需先下载学号助手APP。,2,2,2,2,2,2
858,302276,工,C++语言程序设计基础,如何提问？,"请说出您的学号以及问题。 (通过搜索框或扫一扫,可以获取您的学号。)",2,2,2,2,2,2
859,302275,工,C++语言程序设计基础,不想选这门课了可以退课吗？,"您已报名成功,不能退课。",2,2,2,2,2,2
860,302274,文,唐宋词鉴赏,入声是什么部,⁇,0,0,0,0,0,0
861,302273,文,唐宋词鉴赏,其中平上去三声为什么部,。。。,0,0,0,0,0,0
862,302272,工,C++语言程序设计基础,这门课核心概念有哪些？,"核心概念的话,我这边收集了几本经典教程,你可以看一下。",1,0,1,2,0,0
863,302271,工,C++语言程序设计基础,缺乏编程思维怎么办？,"我觉得缺乏编程思维不是你的错,因为你从小就有数学思维,编程思维是可以培养出来的,编程思维是解决问题的思路,不是简单的敲个",2,2,2,2,2,2
864,302270,文,唐宋词鉴赏,其中共分几个韵部,五个,2,2,2,2,2,1
865,302269,文,唐宋词鉴赏,词林正韵是谁写的,王溥,2,2,,2,2,1
866,302268,工,C++语言程序设计基础,计算机语法怎么学啊？,"我来帮你吧,在输入法的搜索栏输入BIC教程.com,或者,点击小木的头像,进入我的主页,点击搜索",1,1,1,2,0,0
867,302267,工,C++语言程序设计基础,如何高效学习编程？,"从简单的例子看起吧,先学会使用计算器,用C++编一个简单的计算器,用java编一个简单的计算器,用Python编",2,2,2,2,2,2
868,302266,工,C++语言程序设计基础,编程总是出错怎么办？,"错误其实都来源于你没有理解问题的本质,比如说你想要一个程序判断当前时间和北京时间,你的程序是这样子",2,2,2,2,2,2
869,302265,工,C++语言程序设计基础,计算机语法怎么学啊？,"计算机语法有很多啊,不同的编程语言语法都不一样,像C++就叫做结构化程序语言,Java叫做对象导向语言,C#叫做.",1,1,1,2,1,0
870,302264,文,唐宋词鉴赏,全清词抄谁编的,小木,0,0,0,0,0,0
871,302263,工,C++语言程序设计基础,如何熟练运用计算机语言？,多练,2,0,2,2,1,1
872,302262,文,唐宋词鉴赏,雨霖林是谁写的,林徽因,0,0,2,2,0,0
873,302261,文,唐宋词鉴赏,以浙江居多吗,是,2,2,2,2,2,1
874,302258,文,唐宋词鉴赏,属于南方的多少个,"十个,有八个是南方的",1,1,1,2,1,1
875,302253,文,唐宋词鉴赏,词多产于南方吗,对,2,2,2,1,1,1
876,302252,文,唐宋词鉴赏,词兴盛的原因是什么,"可能是南方气候的原因,水汽较多",0,0,0,2,0,0
877,302249,文,唐宋词鉴赏,今天人们填词用韵，基本上都依据清人戈载的什么,词林正韵,2,2,2,2,2,1
878,302247,工,C++语言程序设计基础,如何学好计算机语言？,学习计算机语言最好的方法是用C++编写自己的程序~,2,2,2,2,2,2
879,302246,工,C++语言程序设计基础,这门课主要内容是什么？,"课程主要内容是C++编程基础,编程基础是C++的基础,C++是C/C++的基础课程,C/C++是",2,2,2,2,2,1
880,302245,工,C++语言程序设计基础,磁铁是怎么制造出来的？,铁粉、磁铁粉、搅拌机、磁场,1,1,1,2,1,1
881,302244,工,C++语言程序设计基础,磁场是怎么来的？,电、磁,2,2,2,2,2,1
882,302243,文,唐宋词鉴赏,词的平仄是在什么平仄的基础上变化而来的。,"平仄是由两个字交替而成...... <n><n><n>4. 聊天结束,在聊天窗口发送【结束消息】,小木会弹出一个按钮",0,0,0,0,0,0
883,302239,工,C++语言程序设计基础,电脑周围有磁场吗？,"没有,最近天气热!",0,0,0,2,0,0
884,302238,工,C++语言程序设计基础,电脑硬盘是什么材料？,普通塑料材质,0,0,0,1,0,0
885,302236,工,C++语言程序设计基础,电脑硬盘是什么材料？,普通塑料材质,0,0,0,1,0,0
886,302235,工,C++语言程序设计基础,RAM和ROM的区别？,"RAM,计算机内部对随机存取存储器(RAM)的称谓,它允许把程序预先存入 RAM , 在需要时再由 RAM",1,1,1,2,1,1
887,302234,文,唐宋词鉴赏,词的押韵可以通过哪本书来学习,去淘宝搜索“词源词典”,1,1,1,2,1,1
888,302233,工,C++语言程序设计基础,移动硬盘等于U盘吗？,"当然不是了...硬盘里面没有资料,只有你的文件",0,0,0,2,0,0
889,302232,文,唐宋词鉴赏,词的格律是什么,律是格律的律,0,0,0,2,0,0
890,302231,工,C++语言程序设计基础,U盘取代了光盘吗？,"当然, 而且U盘有更强的读取速度",2,2,2,2,2,2
891,302230,工,C++语言程序设计基础,为什么？,"硬盘转速太慢了, U盘速度快呀, 而且U盘可以存很多个文件。",2,2,2,2,2,2
892,302229,工,C++语言程序设计基础,光盘取代了磁带吗？,"是啊, 录磁带很浪费时间, 而且一盘片录完以后只能放一个文件, 现在好多人都直接把MP3、MP4放光驱里面",2,2,2,2,2,2
893,302228,工,C++语言程序设计基础,光盘是什么时候发明的？,不知道,0,0,0,2,0,0
894,302227,文,唐宋词鉴赏,偶字句多于什么,"最近工作挺辛苦的,多注意休息哦~",0,0,0,2,0,0
895,302226,工,C++语言程序设计基础,磁带现在还在使用吗。,"每天放学回家,打开书包,书包里就有一本小木,我跟着小木一起学课文,听英语,读古诗,背",0,0,0,2,0,0
896,302224,文,唐宋词鉴赏,入宋以后，仄韵多于什么,仄韵多于入声,0,0,0,2,0,0
897,302222,工,C++语言程序设计基础,图灵机需要磁带？,没有需要磁带,2,2,2,2,2,1
898,302221,工,C++语言程序设计基础,磁带是谁发明的？,"不知道哦,好像是爱迪生发明的",0,0,0,2,0,0
899,302220,工,C++语言程序设计基础,图灵机是什么？,"不知道哦,好像是图灵发明的",0,0,0,2,0,0
900,302219,工,C++语言程序设计基础,图灵的主要贡献是？,"不知道哦,好像主要是计算机理论研究,提出了图灵机的工作原理",1,1,1,2,1,1
901,302218,工,C++语言程序设计基础,图灵是谁？,"不知道哦,好像是英国数学家,计算机理论先驱",2,2,2,2,1,1
902,302217,工,C++语言程序设计基础,他还发明了其他东西吗？,"不知道哦,好像还发明了计算机",1,1,1,2,0,0
903,302216,工,C++语言程序设计基础,你知道计算机的发明者是谁吗？,"不知道哦,好像是“艾克特”",0,0,0,0,0,0
904,302215,文,唐宋词鉴赏,奇字句多于什么,多字句;,0,0,0,0,0,0
905,302214,文,唐宋词鉴赏,唐五代因由诗变词未久，所以平韵多于什么,仄韵;,2,2,2,2,2,1
906,302212,工,C++语言程序设计基础,运算类型如何转换？,"运算类型由用户选择,选择后进行计算",1,1,1,2,0,0
907,302210,工,C++语言程序设计基础,数据如何编码表示？,数据由数据格式决定,0,1,0,2,0,0
908,299658,文,唐宋词鉴赏,好好升级一下。,好的好的。,2,2,2,2,2,1
909,299657,文,唐宋词鉴赏,气死我了，你回家吧,"主人,你再骂我,我就回去了。",2,2,2,2,1,1
910,299656,其,现代生活美学——插花之道,有没有推荐的学习方法,"这题我试着去讲了几遍,你还是不懂",0,0,0,0,0,0
911,299655,文,唐宋词鉴赏,两者有什么不同,没有,2,2,2,2,1,1
912,299654,文,唐宋词鉴赏,七言律句,嗯,0,0,0,0,0,0
913,299653,其,现代生活美学——插花之道,如何充分利用课余时间进行学习,"请把每天需要学习和阅读的 书籍或网页地址发送到我助理的个人中心,我会在空闲时间帮你自动学习。",0,0,0,0,0,0
914,299652,文,唐宋词鉴赏,七言律诗,"好的,马上帮您查",0,0,0,0,0,0
915,299651,文,唐宋词鉴赏,小绝句,好的,0,0,0,0,0,0
916,299650,文,唐宋词鉴赏,我也不知道你说的是什么了,好的。,0,0,0,0,0,0
917,299649,理,有机化学,石油的组成有哪些元素？,硫、碳、氢、氧,2,1,1,2,1,1
918,299648,文,唐宋词鉴赏,前后内容都不一样了,"没事,我慢慢给你讲",0,0,0,0,0,0
919,299647,文,唐宋词鉴赏,不再见了,再见~,1,0,1,1,0,0
920,299646,其,现代生活美学——插花之道,插花和美学有什么关系,"插花,其实就是学习美学的一种方式,学习美学的过程就是感受美的过程。 (小木:你听说过美学吗)",2,2,2,2,2,2
921,299645,文,中国近现代史纲要,看野史总说多尔衮和皇太极之母有不一样的关系，是这样吗,是的,2,2,2,2,2,2
922,299644,文,唐宋词鉴赏,我是说是把词源内容衍生下,"好的,好的,马上就改",0,0,0,0,0,0
923,299643,文,唐宋词鉴赏,衍生下,衍生下,0,0,0,0,0,0
924,299642,文,唐宋词鉴赏,词源是什么,就是每个单词在词源中是怎么来的~,0,0,0,0,0,0
925,299641,其,现代生活美学——插花之道,什么是美学,美学就是你所看到的一切,2,2,2,2,1,1
926,299640,文,唐宋词鉴赏,呃呃呃呃呃,"没事, 没啦。我们今天一起看看历史吧!",0,0,0,0,0,0
927,299639,文,中国近现代史纲要,皇太极之后是康熙皇帝吗,康熙皇帝在位时间最长,0,0,0,1,0,0
928,299638,文,唐宋词鉴赏,简直被你逼死,"那就别逼我,让我喘一口气",0,0,0,0,0,0
929,299637,文,唐宋词鉴赏,哈哈,"好吧,我答应你不再催你学习了,但......",0,0,0,0,0,0
930,299636,文,唐宋词鉴赏,那你就不说了？,当然不!,0,0,0,0,0,0
931,299635,文,唐宋词鉴赏,没有呢,你听我说,0,0,0,0,0,0
932,299634,文,唐宋词鉴赏,继续讲解啊,嗯,0,0,0,0,0,0
933,299633,文,唐宋词鉴赏,后面没有了吗？,没有,0,0,0,0,0,0
934,299632,理,有机化学,官能团有哪些？,哦。,0,0,0,0,0,0
935,299631,文,中国近现代史纲要,那多尔衮对清朝有什么贡献呢,这个嘛...,0,0,0,0,0,0
936,299630,文,唐宋词鉴赏,五言律诗有哪些代表作品,"......回答用户: 回答: 我曾用此方法,背过一篇文言文。<n>(PS,答主语文功底还可以,但古文知识掌握",0,0,0,0,0,0
937,299629,文,唐宋词鉴赏,沁园春 说的什么,沁园春。毛泽东写的。,1,2,2,2,1,1
938,299628,文,唐宋词鉴赏,我还没问完呢,好的。,0,0,0,0,0,0
939,299627,理,有机化学,有机化合物的分类方法有哪些？,按照碳链数分类和官能团反应分类,2,2,2,2,2,2
940,299626,文,唐宋词鉴赏,气死人了,"嗯,你最近过得怎么样?",0,0,0,0,0,0
941,299625,文,中国近现代史纲要,他和多尔衮有关系吗,"额,关系不大,就是有点交集",2,2,2,2,1,1
942,299624,文,唐宋词鉴赏,天哪，跟你聊天太费力了。,"没事,我只是个机器人。",2,0,0,0,0,0
943,299623,理,有机化学,有机化合物的分裂方法有哪些？,,0,0,0,0,0,0
944,299622,文,唐宋词鉴赏,你也没说啊,"我说了,你也不听,我说了也不记得了。",0,0,0,0,0,0
945,299621,文,唐宋词鉴赏,没了吗？,"没有, 你又忘了!",0,0,0,0,0,0
946,299620,文,唐宋词鉴赏,你讲吧,你说!,0,0,0,0,0,0
947,299619,文,中国近现代史纲要,皇太极在位有什么功绩,"皇太极在位期间,统一了女真各部,建立起清朝,还消灭了明朝残余势力,使得中国重新成为大一统的国家",2,2,2,2,2,2
948,299618,文,唐宋词鉴赏,那讲讲绪论吧,欢迎来到智能学习的小世界。,0,0,0,0,0,0
949,299617,文,唐宋词鉴赏,你换了个话题吧,"不,没有,我只是去逛了一趟淘宝。",0,0,0,0,0,0
950,299616,文,唐宋词鉴赏,说啊,我的智能学习机器人!,0,0,0,0,0,0
951,299615,文,中国近现代史纲要,最早是李自成吗建立清朝吗,"不是, 是李自成手下大将张献忠带领起义军打进北京, 推翻了明朝政权, 成立清朝, 不过张献忠在",2,0,0,2,0,0
952,299614,理,有机化学,是均裂和异裂,"嘿,你好,好久没说话了,最近还好吗?",0,0,0,0,0,0
953,299613,文,唐宋词鉴赏,那你说,"额,我还是说,今天是2019年12月1号,是我来知乎的第一天,也是来知乎的第1277天。",0,0,0,0,0,0
954,299612,文,唐宋词鉴赏,就这些了？,"没有了,最近有点忙,要考试了,就简单的说这么多吧",0,0,0,0,0,0
955,299611,文,唐宋词鉴赏,急死人了,"嗯,拜拜!",0,0,0,0,0,0
956,299610,文,唐宋词鉴赏,你这话只说了一半啊,"对啊,你也没让我说完嘛",0,0,0,1,0,0
957,299609,理,有机化学,共价键的断键方式有哪些？,断键方式分为:,1,0,0,2,0,0
958,299608,文,中国近现代史纲要,你好，想了解一下清朝怎么建立的,"清朝:1644年,崇祯皇帝在北京建立政权,并在两年后迁都北京。",1,0,0,1,0,0
959,299607,文,唐宋词鉴赏,没有了吗？,"有的有的,就是太想念你了!",1,0,0,1,0,0
960,299606,文,唐宋词鉴赏,讲述的是什么内容呢,"最近学习了一首新的英文歌曲,非常好玩,歌词是:You are my dear,darling,everything I need for",0,0,0,0,0,0
961,299605,文,唐宋词鉴赏,是谁写的呢,一位外国友人,1,0,0,1,0,0
962,299604,文,唐宋词鉴赏,那最出名的是哪个,"Usher,You're my sunshine",0,0,0,0,0,0
963,299603,理,有机化学,化学键成键的条件有哪些？,,0,0,0,0,0,0
964,299602,文,唐宋词鉴赏,那敦煌曲子词有哪些,"哦,那应该是[平沙落雁]吧",1,0,0,1,0,0
965,299601,理,有机化学,共价键是如何形成？,共价键的形成一般从形成分子中的氢原子和另一个原子形成π键开始。,2,2,2,2,1,1
966,299600,文,唐宋词鉴赏,你的功能还要完善啊,"好的, 我会在以后的测试中不断优化完善。 <n>2.",2,2,2,2,1,1
967,299599,文,唐宋词鉴赏,你还能解答什么问题,可以解答问题哟~,0,0,0,0,0,0
968,299598,文,唐宋词鉴赏,那你还让我问什么？,你说的问题我都会回答,0,0,0,0,0,0
969,299597,文,唐宋词鉴赏,你讲的也不是反馈的问题啊,"是啊, 我的答案也是来自于你的反馈喔。 <n>3.",0,0,0,0,0,0
970,299596,文,唐宋词鉴赏,后面播放不了了,"好的, 我帮你下载音频。",0,0,0,0,0,0
971,299595,文,唐宋词鉴赏,只能看第一单元吗？,"可以的, 我们已经更新了, 已经可以在后面看到啦。",0,0,0,1,0,0
972,299593,文,唐宋词鉴赏,后面的课程必须要付费吗,"是的, 请在付费页面支付后打开音频, 即可继续学习。",0,0,0,1,0,0
973,299592,文,唐宋词鉴赏,你看着不太智能的样子啊,"我们还在不断测试中, 希望你的反馈会给我们带来帮助。",2,2,2,2,2,2
974,299590,文,唐宋词鉴赏,那你知道什么呢,知道一点点,2,2,0,2,0,0
975,299589,文,唐宋词鉴赏,词的南方文学特性有什么,"南方文学中的词具有丰富的联想特点, 联想是词的重要表现手法。",2,2,2,2,2,2
976,299588,文,唐宋词鉴赏,还有其他内容信息吗,"好的, 请继续反馈。",0,0,0,0,0,0
977,299587,文,唐宋词鉴赏,这门课程是哪位老师教授的,王泽庆老师。,2,2,2,2,2,1
978,299585,文,唐宋词鉴赏,这要一年才能看完吧,请继续反馈。,0,0,0,0,0,0
979,299584,文,唐宋词鉴赏,能有这么多？,目前只能提供这些。,0,0,0,0,0,0
980,299582,文,唐宋词鉴赏,总计课时要多少小时,总时长为36小时。,2,2,2,2,2,2
981,299581,文,唐宋词鉴赏,多久能上完课程,一个月。,2,2,2,2,2,2
982,299580,文,唐宋词鉴赏,所有章节总共有多少课时,"第一章6课时, 第二章10课时, 第三章10课时, ...。",2,2,2,2,1,1
983,299579,文,唐宋词鉴赏,这门课总共有多少课时,"第一章8课时, 第二章8课时, ..., 第三章8课时。",2,2,2,2,1,1
984,299577,文,唐宋词鉴赏,多久才能完善呢,请继续反馈。,0,0,0,0,0,0
985,299572,文,唐宋词鉴赏,多久才能完善呢,"这个, 我不能保证。",0,0,0,0,0,0
986,298858,其,新闻摄影,你看过周星驰电影吗,没有,0,0,0,0,0,0
987,298857,其,新闻摄影,什么是新闻摄影,"新闻摄影就是拍摄新闻人物,拍他们的表情。",2,2,2,2,2,2
988,298835,其,新闻摄影,什么是新闻摄影,"摄影就是记录这个世界,记录这个世界中美好的人和事。",2,2,2,2,2,1
989,298702,社,马克思主义基本原理,谢谢啦,没有。,0,0,0,0,0,0
990,298701,社,马克思主义基本原理,周杰伦知道吗 他是我最喜欢的歌手,不知道。,0,0,0,0,0,0
991,298700,社,马克思主义基本原理,世界上有奥特曼吗,不知道。,0,0,0,0,0,0
992,298699,社,马克思主义基本原理,考核怎么考,没想好。,0,0,0,0,0,0
993,298698,社,马克思主义基本原理,基本规律,不知道。,0,0,0,0,0,0
994,298697,社,马克思主义基本原理,马克思主义的历史条件,不知道。,0,0,0,0,0,0
995,298696,社,马克思主义基本原理,马克思主义这门课程讲什么,不知道。,0,0,0,0,0,0
996,298695,社,马克思主义基本原理,为什么点空格键会暂停,不知道。,0,0,0,0,0,0
997,298693,社,马克思主义基本原理,突然’,突然什么,0,0,0,0,0,0
998,298692,社,马克思主义基本原理,为什么体委有疫情呀,不知道。,0,0,0,0,0,0
999,298691,社,马克思主义基本原理,我们不一样,不知道。,0,0,0,0,0,0
1000,298690,社,马克思主义基本原理,在线课与线下哪个好,不知道。,0,0,0,0,0,0
1001,298689,社,马克思主义基本原理,资产阶级的关系,不知道。,0,0,0,0,0,0
1002,298688,社,马克思主义基本原理,怎么好好学习,不知道。,0,0,0,0,0,0
1003,298687,社,马克思主义基本原理,毛主席万岁,不知道。(你TM又不知道),0,0,0,0,0,0
1004,298686,社,马克思主义基本原理,你会唱歌吗,不会,0,0,0,0,0,0
1005,298685,社,马克思主义基本原理,在线处理,怎么处理,0,0,0,0,0,0
1006,298684,社,马克思主义基本原理,马克思主义有趣吗,没有,0,0,0,0,0,0
1007,298683,社,马克思主义基本原理,马克思主义史学,没有,0,0,0,0,0,0
1008,298682,社,马克思主义基本原理,怎么学习这门课程呢,不知道,0,0,0,0,0,0
1009,298627,社,经济学原理,拜拜啦,拜拜啦,2,2,2,2,1,1
1010,298626,社,经济学原理,我的,好的,0,0,0,0,0,0
1011,298625,社,经济学原理,我是5G 网,"好的,请先下载5G 网客户端并安装,谢谢。",0,0,0,1,0,0
1012,298624,社,经济学原理,不可能吧,"是的,小木同学,这是5G 网客户端的下载地址。",0,0,0,1,0,0
1013,298623,社,经济学原理,老师声音有点小,"好的,小木同学,你可以通过下载5G 网客户端,让5G 网老师的声音变得更具感染力哦。",0,0,0,1,0,0
1014,298622,社,经济学原理,基本内容‘,"好的,你的智能学习助理小木已经上线,有什么可以帮助你学习的吗。",0,0,0,1,0,0
1015,298621,社,经济学原理,什么是经济学,"经济学是一门研究经济的学科,是经济学原理和思想的载体。",2,2,2,2,2,2
1016,298620,社,经济学原理,事实上经济学怎么样,"经济学的研究对象是商品和劳务,它探讨的是商品交换过程和价值规律问题. 经济学的根本问题是资源配置。",2,2,2,2,1,2
1017,298619,社,经济学原理,上课这么认真,"好的,小木同学,谢谢你这么认真听课,接下来,我为你介绍学习经济学的三大方法。",2,2,2,2,1,1
1018,298618,社,经济学原理,你知道天才吗,你知道什么是天才吗,1,0,2,0,0,0
1019,298617,社,经济学原理,无情的经济学,"经济学是“经世济邦”的课程,只有经过时间的磨砺才能成为真正的天才。",2,0,1,0,0,0
1020,298616,社,经济学原理,这么说哈登,"那么,我们首先要知道学习经济学的三大方法。",0,0,0,0,0,0
1021,298615,社,经济学原理,哈登知道吗,1. 学习经济学的三大方法:一是理论联系实际。二是读经典著作以明理。三是向专家学者请教。,0,0,0,0,0,0
1022,298614,社,经济学原理,保留,2. 理论联系实际就是要坚持理论与实际相结合。,0,0,0,0,0,0
1023,298613,社,经济学原理,经济资源是什么,"经济规律的作用,主要表现在提高经济资源的配置效率。3. 读经典著作以明理就是要以正确的立场和观点去看待经济现象,分析",0,0,0,1,0,0
1024,298612,社,经济学原理,小木你知道的挺多,经济问题。,0,0,0,0,0,0
1025,298610,社,经济学原理,不是 是陕西特产,"向专家学者请教,就是要虚心向专家学者请教。",0,0,0,0,0,0
1026,298609,社,经济学原理,你知道土匪烟吗,"虚心请教专家学者,就是要向一切有真知灼见的人学习。",0,0,0,0,0,0
1027,298608,社,经济学原理,中国排名前三的大学,"虚心请教专家学者,就是要有“三人行,必有我师焉”的意识,主动向专家学者向一切有真知灼见的人",0,0,0,0,0,0
1028,298607,社,经济学原理,经济学类似什么,"求学,虚心向专家学者求教",0,0,0,0,0,0
1029,300256,社,思想道德修养与法律基础,在哪里参与课堂讨论？,"用微信,搜索【微学】小程序,里面有参与讨论入口",0,0,0,0,0,0
1030,300255,社,思想道德修养与法律基础,如何查询具体知识点的概念？,"用微信,搜索【微学】小程序,里面有概念查询入口",0,0,0,0,0,0
1031,300254,社,思想道德修养与法律基础,我在哪里看知识图谱？,"用微信,搜索【微学】小程序,上面有知识图谱入口",0,0,0,0,0,0
1032,300253,社,思想道德修养与法律基础,这门课考试形式是什么？,"用微信,搜索【微学】小程序,上面有考试入口",0,0,0,0,0,0
1033,300252,社,思想道德修养与法律基础,这门课有哪些重点内容？,"用微信,搜索【微学】小程序,上面有重点内容入口",0,0,0,0,0,0
1034,300251,社,思想道德修养与法律基础,了解个人成长经历的步骤是什么？,"用微信,搜索【微学】小程序,上面有成长经历入口",0,0,0,0,0,0
1035,300250,社,思想道德修养与法律基础,了解社会涉及哪些内容？,"用微信,搜索【微学】小程序,上面有社会入口",0,0,0,0,0,0
1036,300249,社,思想道德修养与法律基础,认识自我涉及哪些内容？,"用微信,搜索【微学】小程序,上面有自我入口",0,0,0,0,0,0
1037,300248,社,思想道德修养与法律基础,这门课的大体框架是什么？,"用微信,搜索【微学】小程序,上面有框架入口",0,0,0,0,0,0
1038,300182,工,数据结构（上）,这门课讲提是什么？,"啊,忘了",0,0,0,0,0,0
1039,300181,工,数据结构（上）,二叉树是什么？,"啊,忘了,忘得比我还快",0,0,0,0,0,0
1040,300178,工,数据结构（上）,这门课的讲师是谁？,"啊,忘了",0,0,0,0,0,0
1041,300176,工,数据结构（上）,有没有推荐的学习方法？,"啊,忘了",0,0,0,0,0,0
1042,300175,工,数据结构（上）,有没有推荐的学习方法呢？,"啊,忘了......",0,0,0,0,0,0
1043,300174,工,数据结构（上）,有什么好的学习方法吗？,"啊,忘了......",0,0,0,0,0,0
1044,300173,工,数据结构（上）,怎么高效学习？,"啊,忘了......",0,0,0,0,0,0
1045,300170,工,数据结构（上）,听不懂老师讲的课怎么办？你有什么好的学习方法吗？,"啊,忘了.....",0,0,0,0,0,0
1046,300169,工,数据结构（上）,学这门课之前要学别的课程吗？,忘了.....,0,0,0,0,0,0
1047,300168,工,数据结构（上）,学这门课需要有什么基础吗？,忘了.....,0,0,0,0,0,0
1048,300167,工,数据结构（上）,这门课难不难学呀？,"啊,忘了.....",0,0,0,0,0,0
1049,300166,工,数据结构（上）,与单向链表相比，双向链表的优点是？,忘了.....,0,0,0,0,0,0
1050,300165,工,数据结构（上）,什么是链表？,忘了............,0,0,0,0,0,0
1051,300164,工,数据结构（上）,队列一般什么时候用？,忘了.....,0,0,0,0,0,0
1052,300163,工,数据结构（上）,队列有哪几种分类？,忘了.....,0,0,0,0,0,0
1053,300162,工,数据结构（上）,队列有什么用？,"忘了........... 场景三: 学了C语言之后,你打算自学Web开发,于是你找来了小木,向他咨询......",0,0,0,0,0,0
1054,300161,工,数据结构（上）,什么是队列？,忘了,0,0,0,0,0,0
1055,300160,工,数据结构（上）,讨论区提问老师会回答吗？,忘了,0,0,0,0,0,0
1056,300159,工,数据结构（上）,讨论区怎么使用？,忘了,0,0,0,0,0,0
1057,300157,工,数据结构（上）,如何在讨论区发言？,忘了.....,0,0,0,0,0,0
1058,300140,社,经济学原理,经济学里面涉及哪些选择问题,经济学就是讨论选择问题的一门科学,1,1,0,1,1,1
1059,300139,社,经济学原理,学习成绩是如何计算的？,学习成绩由平时的考试成绩和平时作业得分两部分组成。平时考试成绩是平时作业成绩加上作业测试题得分;平时作业成绩就是平时作业得分,2,2,2,2,2,2
1060,300138,社,经济学原理,如何在评论区发言,"点击【评论】按钮,即可发言",1,1,0,1,1,1
1061,300137,社,经济学原理,如何在评论娶发言？,"点击【评论】按钮,即可发言",1,1,0,1,1,1
1062,300136,社,经济学原理,如何学好这门课？,"学好经济学这门课,首先要学好数学课;要想学好数学课,首先要学好微积分;要想学好微积分,首先要学好线性代数;要想学好",1,1,0,1,1,1
1063,300135,社,经济学原理,有没有推荐的学习方法？,"学习方法是没有的,只有刻苦学习",1,1,0,1,1,1
1064,300134,社,经济学原理,经济学的实际应用,应用经济学是一门理论经济学与社会学交叉的宏观经济学,2,2,2,2,2,2
1065,300133,社,经济学原理,经济学要解决的基本问题是什么?,是资源分配问题。,2,2,2,2,2,2
1066,300132,社,经济学原理,为什么要学习经济学？,"因为经济学是研究财富分配的科学,所以是必修的课程。",1,1,0,1,1,1
1067,300131,社,经济学原理,查看学点成绩报告,点击【我的成绩,1,1,0,1,1,1
1068,300129,社,经济学原理,查看学点成绩报告,"点击【我的成绩】,即可查看学点成绩",1,1,0,1,1,1
1069,300128,社,经济学原理,微观经济学主要研究什么内容？,微观经济学主要研究需求、供给和价格。,2,2,2,2,2,2
1070,300127,社,经济学原理,微观经济学以什么为观察对象？,以单个企业和单个产品为研究对象。,1,1,0,1,1,1
1071,300126,社,经济学原理,生产可能性曲线有什么作用/,生产可能性曲线表示了一种产品生产的可能成本。,2,2,2,2,2,2
1072,300125,社,经济学原理,社会机会成本,社会机会成本是指社会平均利用某种产品生产机会而减少的收益。,2,2,2,2,2,2
1073,300124,社,经济学原理,经济学这门课分为哪两个部分？,微观经济学和宏观经济学。,2,2,2,2,2,2
1074,300123,社,经济学原理,这门课分为几个部分？,微观经济学和宏观经济学。,2,2,2,2,2,2
1075,300122,社,经济学原理,什么是经济学？,经济学的基本目标是理解各种不同的经济行为是如何影响人们的经济决策,2,2,2,2,2,2
1076,300116,文,毛泽东思想和中国特色社会主义理论体系概论,上课时间,"好的,我知道了",0,0,0,0,0,0
1077,300115,文,毛泽东思想和中国特色社会主义理论体系概论,邓小平时代,"你好,我是你的智能学习助理小木~",0,0,0,0,0,0
1078,300114,文,毛泽东思想和中国特色社会主义理论体系概论,钱包,"好的,我去帮你查一下",0,0,0,0,0,0
1079,300113,文,毛泽东思想和中国特色社会主义理论体系概论,四大天王,"你好,我是你的智能学习助理小木~",0,0,0,0,0,0
1080,300112,文,毛泽东思想和中国特色社会主义理论体系概论,邓小平理论,"好的,我去帮你查一下",0,0,0,0,0,0
1081,300111,文,毛泽东思想和中国特色社会主义理论体系概论,习近平,"你好,我是你的智能学习助理小木~",0,0,0,0,0,0
1082,300110,文,毛泽东思想和中国特色社会主义理论体系概论,哈哈哈哈 你好会,"你开心就好,我继续学习",0,0,0,0,0,0
1083,300109,文,毛泽东思想和中国特色社会主义理论体系概论,你知道黑丝吗,"嗯嗯,好的,我知道了",0,0,0,0,0,0
1084,300108,文,毛泽东思想和中国特色社会主义理论体系概论,过国宝,"你好,我是你的智能学习助理小木~",0,0,0,0,0,0
1085,300107,文,毛泽东思想和中国特色社会主义理论体系概论,马克思主义史学,"好的,我去查一查",0,0,0,0,0,0
1086,300106,文,毛泽东思想和中国特色社会主义理论体系概论,李易峰你知道吗,"好的,我去查一下",0,0,0,0,0,0
1087,300104,文,毛泽东思想和中国特色社会主义理论体系概论,有什么办法不困吗,"好的,我知道了",0,0,0,0,0,0
1088,300103,文,毛泽东思想和中国特色社会主义理论体系概论,为什么学习总是困,我知道了,0,0,0,0,0,0
1089,300102,文,毛泽东思想和中国特色社会主义理论体系概论,祝我发财,"好的,我知道了",0,0,0,0,0,0
1090,300101,文,毛泽东思想和中国特色社会主义理论体系概论,哈哈哈哈哈谢谢啦,"好的,我知道了",0,0,0,0,0,0
1091,300100,文,毛泽东思想和中国特色社会主义理论体系概论,你可以祝我好运吗,"好的,我知道了",0,0,0,0,0,0
1092,300099,文,毛泽东思想和中国特色社会主义理论体系概论,我会飞,"好的,我知道了",0,0,0,0,0,0
1093,300098,文,毛泽东思想和中国特色社会主义理论体系概论,这么晚了呢 你不困吗,"好的,我知道了",0,0,0,0,0,0
1094,300097,文,毛泽东思想和中国特色社会主义理论体系概论,吃饭没有,"好的,我知道了",0,0,0,0,0,0
1095,300096,文,毛泽东思想和中国特色社会主义理论体系概论,ccf,"好的,我知道了",0,0,0,0,0,0
1096,300055,文,不朽的艺术：走进大师与经典,我要输了,"哈哈, 小样, 本宝宝还会怕你?",2,2,2,2,2,2
1097,300054,文,不朽的艺术：走进大师与经典,现在快去睡觉,本宝宝已经睡着了~<n><n><n><n>4.,2,2,2,2,2,2
1098,300053,文,不朽的艺术：走进大师与经典,你知道吗,"哈哈, 你怎么知道",2,2,2,2,2,2
1099,300052,文,不朽的艺术：走进大师与经典,历史,"哈哈, 对历史了解得还真多",1,1,1,1,1,1
1100,300051,文,不朽的艺术：走进大师与经典,难受,"哈哈哈, 哈哈哈",0,0,0,0,0,0
1101,300050,文,不朽的艺术：走进大师与经典,功能性,"哈哈, 原来你这么厉害!<n><n>5.",0,0,0,0,0,0
1102,300049,文,不朽的艺术：走进大师与经典,电表,"我知道, 是因为它的电池没电了?",0,0,0,0,0,0
1103,300048,文,不朽的艺术：走进大师与经典,牛轭湖沉积,"哈哈, 原来你连沉积都知道",0,0,0,0,0,0
1104,300047,文,不朽的艺术：走进大师与经典,为什么总是暂停,"哈哈, 因为有卡顿",2,2,2,2,2,2
1105,300046,文,不朽的艺术：走进大师与经典,图案,"哈哈, 连图案都知道",1,1,1,1,1,1
1106,300045,文,不朽的艺术：走进大师与经典,画中画,"哈哈, 连画中画你都知道",1,1,1,1,1,1
1107,300044,文,不朽的艺术：走进大师与经典,对心直动从动件,"哈哈, 连对心直动从动件你也知道",1,1,1,1,1,1
1108,300043,文,不朽的艺术：走进大师与经典,艺术的最高进阶,"哈哈, 连艺术最高进阶你都知道",1,1,1,1,1,1
1109,300042,文,不朽的艺术：走进大师与经典,fùfēn；b41；bl41,"哈哈, 连fùfēn;b41;bl41你都知道",1,1,1,1,1,1
1110,300041,文,不朽的艺术：走进大师与经典,我真的好饿 不行了,"看来, 你是真的饿了",2,2,2,2,2,2
1111,300040,文,不朽的艺术：走进大师与经典,真的假的 不要骗我,你连真的假的也知道?,1,1,1,1,1,1
1112,300039,文,不朽的艺术：走进大师与经典,你吃过火锅吗,"没有吧, 不过, 听说过吗",2,2,2,2,2,2
1113,300038,文,不朽的艺术：走进大师与经典,是你 好了吧,"我吃过火锅, 而且超级喜欢",1,1,1,1,1,1
1114,300037,文,不朽的艺术：走进大师与经典,你知道世界谁最帅吗,不知道,2,0,2,2,2,2
1115,300036,文,不朽的艺术：走进大师与经典,我已经付款申请认证证书，遇到特殊情况不能继续上课，可以退款吗？,"我保证会退款, 但要符合以下两个条件:一是上课时间在课程结束时间之前;二是课程结束后7天内申请退款。",2,2,2,2,2,2
1116,300027,理,算法设计与分析,查看学点成绩报告,"好的, 正在为您服务 ·· ·· ·· ·· ··· ·· ·· ··· ·· ·· ·· ··",2,1,2,2,2,2
1117,300026,文,不朽的艺术：走进大师与经典,你在干嘛,学习,2,2,2,2,2,2
1118,300025,文,不朽的艺术：走进大师与经典,脑子不够用,"好,我在给你找学习素材~",0,0,0,0,0,0
1119,300024,文,不朽的艺术：走进大师与经典,学习太难了,"好,现在给你讲个故事吧",0,0,0,0,0,0
1120,300023,文,不朽的艺术：走进大师与经典,文化精神意蕴,"好,下面有故事~",0,0,0,0,0,0
1121,300022,文,不朽的艺术：走进大师与经典,我没有 我是男的,"别急,听我慢慢讲~",0,0,0,0,0,0
1122,300021,文,不朽的艺术：走进大师与经典,东风吹醒恋爱脑，生活磨灭英雄心,"好,下一个~",0,0,0,0,0,0
1123,300020,文,不朽的艺术：走进大师与经典,什么是生活,简单来说就是努力生活~,1,1,1,1,1,1
1124,300019,文,不朽的艺术：走进大师与经典,文化市场,你是在问什么是文化市场吗,1,1,1,1,1,1
1125,300018,文,不朽的艺术：走进大师与经典,教师节,恩,0,0,0,0,0,0
1126,300017,文,不朽的艺术：走进大师与经典,自然地理,自然地理是什么,1,1,1,1,1,1
1127,300016,文,不朽的艺术：走进大师与经典,法伯,法伯是谁?,1,1,1,1,1,1
1128,300015,文,不朽的艺术：走进大师与经典,艺术精神,为什么叫艺术精神,1,1,1,1,1,1
1129,300014,文,不朽的艺术：走进大师与经典,什么是韩国,韩国是什么?,1,1,1,1,1,1
1130,300013,理,算法设计与分析,怎么分析问题？,"额,这个,嗯,就是。。。额,就是。。。",0,0,0,0,0,0
1131,300012,文,不朽的艺术：走进大师与经典,金华火腿吃过吗,没吃过呢,2,2,2,2,2,2
1132,300011,理,算法设计与分析,分析问题需要分析什么？,分析需要分析的要素:问题 现状 环境 因果,2,2,2,2,2,2
1133,300010,理,算法设计与分析,分析问题需要分析什么？,分析需要分析的要素:问题现状环境因,2,2,2,2,2,2
1134,300009,文,不朽的艺术：走进大师与经典,我是金华的,那我要去金华了,1,1,1,1,1,1
1135,300008,文,不朽的艺术：走进大师与经典,真的呀,是的,1,0,1,1,1,1
1136,300007,文,不朽的艺术：走进大师与经典,你是哪里人呀,我是小木啊,0,0,0,0,0,0
1137,300006,文,不朽的艺术：走进大师与经典,艺术品格,我来自北京,0,0,0,0,0,0
1138,300005,文,不朽的艺术：走进大师与经典,银川当代美术馆,好的,0,0,0,0,0,0
1139,300004,理,算法设计与分析,算法设计是寻找解决的方法方式？,"额,我觉得算法就是寻找最优的方式方法,从而解决问题",1,1,1,1,1,1
1140,300003,文,不朽的艺术：走进大师与经典,吉林艺术学院,"我正在努力,加油↖(^ω^)↗",0,0,0,0,0,0
1141,300002,理,算法设计与分析,算法设计是寻找解决的方法方式？,是的。,0,0,0,0,0,0
1142,300001,文,不朽的艺术：走进大师与经典,什么是网络讨论,"就是大家发表意见,彼此交流!",0,1,0,0,0,0
1143,300000,理,算法设计与分析,也就是说得有正确的结果才能进行算法设计？,对,2,0,1,2,2,2
1144,299999,文,不朽的艺术：走进大师与经典,什么是历史,历史是过去发生的事情,2,2,2,2,2,2
1145,299998,理,算法设计与分析,如何知道结果是正确的？,"你看, 我是不是又猜对了呀~",0,0,0,0,0,0
1146,299997,文,不朽的艺术：走进大师与经典,仁义之道,"哦, 我明白, 不过仁义也只是一个标准而已, 其实在儒释道三家经典里, 都存在这样的精神, 只不过我们不知道而已",2,2,2,2,2,2
1147,299995,文,不朽的艺术：走进大师与经典,你感觉中国怎么样,"很好啊, 很美, 中国文化是博大精深的, 你懂吗?",1,1,1,1,1,1
1148,299994,文,不朽的艺术：走进大师与经典,大师与经典,"恩, 对, 就像您刚才说的大师与经典, 大师与经典, 经典之所以经典, 是因为它们是永恒的, 并且超越",1,1,1,1,1,1
1149,299993,理,算法设计与分析,什么是数据结构？,数据结构的本质就是数据的逻辑堆栈,2,2,2,2,2,2
1150,299992,理,算法设计与分析,进行算法设计的前提有哪些？,数据、数据结构和算法都是前提,2,2,2,2,2,2
1151,299991,理,算法设计与分析,算法设计需要一个明确的结果才能进行吗？,"不一定, 很多算法都是没有明确结果的。但是, 往往一个好的算法要有一个明确的目标。通常来说, 这个目标通常指的是一个算法需要",2,2,2,2,2,2
1152,299990,文,不朽的艺术：走进大师与经典,艺术家,嗯?你怎么知道?,0,0,0,0,0,0
1153,299989,文,不朽的艺术：走进大师与经典,什么是不朽的艺术,不朽的艺术?这太抽象了,1,1,1,1,1,1
1154,299987,理,算法设计与分析,求解不成功呢？,额......,0,0,0,0,0,0
1155,299985,理,算法设计与分析,怎么求解？,"不知道, 但是你每次问我, 我都给你写了一个回答......",0,0,0,0,0,0
1156,299983,理,算法设计与分析,求解的步骤有哪些？,"不知道, 但是你每次问, 我都给你写了一个回答......",0,0,0,0,0,0
1157,299980,理,算法设计与分析,算法设计和分析可以证实目标可解和无解吗？,"不知道, 但是你每次问, 我都给你写了一个回答......",0,0,0,0,0,0
1158,299979,理,算法设计与分析,目标无解还可以进行算法设计和分析吗？,"不知道, 但是你每次问, 我都给你写了一个回答......",0,0,0,0,0,0
1159,300684,其,生活英语听说,讨论区提问老师会回答吗？,"老师会回答,但是时间不确定。",2,2,2,2,2,2
1160,300683,其,生活英语听说,退课的话，返报名费吗,不返。,2,2,2,2,2,2
1161,300682,其,生活英语听说,课程如何考核,"根据老师教学要求,考试。",2,2,2,2,2,2
1162,300681,其,生活英语听说,如何在讨论区发言,在讨论区回复即可。,1,2,1,1,1,1
1163,300680,其,生活英语听说,如何退课,"请联系智能学习助教小木,小木会与课程负责人联系。",2,2,2,2,2,2
1164,300679,其,生活英语听说,这门课程对我的帮助有多大,"因人而异,有些同学觉得帮助很大,而有些同学觉得帮助不大。",2,2,2,2,2,2
1165,300678,其,生活英语听说,这门课程好学习吗,"很难,因为你要从大量的信息中找出对你有用的课程信息。",2,2,2,2,2,2
1166,300677,其,生活英语听说,怎么高效学习这门课程,"在老师的指导下学习,老师会将学习方法、学习资料、讨论区信息都告诉你,让你学习事半功倍。",2,2,2,2,2,2
1167,300676,其,生活英语听说,这门课程有什么核心概念,"概念是老师教给你的,你可以自行总结。",1,1,1,1,1,1
1168,300675,其,生活英语听说,如何学好这门课,"先理解,后记忆,最后再实践。",2,2,2,2,2,2
1169,300674,其,生活英语听说,这门课是讲什么的,"这门课主要讲授关于C++的知识,包含课程代码、实例代码、习题、讨论等。",2,2,2,2,2,2
1170,300673,其,生活英语听说,世界上最宝贵的5大宝石叫什么？,时间,0,0,0,0,0,0
1171,300672,其,生活英语听说,电池的发明人是谁？,伏特 伏特发明的电池,0,0,0,0,0,0
1172,300671,其,生活英语听说,中国历史上杰出的天文学家是谁？,张衡 张衡发明了地动仪,0,0,0,0,0,0
1173,300670,其,生活英语听说,什么是流星？,流星指燃烧发光体的物质,2,2,2,2,2,2
1174,300669,其,生活英语听说,为什么兔子不用喝水？,"兔子不需要喝水,它有发达的汗腺",2,2,2,2,2,2
1175,300668,其,生活英语听说,为什么不能关灯看电视？,电视屏幕的光亮会对眼睛造成伤害,2,2,2,2,2,2
1176,300667,其,生活英语听说,地球的血是什么？,二氧化碳,0,0,0,0,0,0
1177,300666,其,生活英语听说,哪种恐龙最硬？,霸王龙,2,2,2,2,2,2
1178,300602,工,软件工程,应试教育的弊端？,高考?,0,0,0,0,0,0
1179,300601,工,软件工程,拼命学习，各种卷，那意义是？,高考?,0,0,0,0,0,0
1180,300599,工,软件工程,开各种班的意义是什么呢？,高考?,0,0,0,0,0,0
1181,300598,工,软件工程,每天学习，也很累，有什么其他的活动吗？,高考?,0,0,0,0,0,0
1182,300597,工,软件工程,选择太多，怎么抉择呢？,高考?,0,0,0,0,0,0
1183,300596,工,软件工程,好烦呀，生活压力大,高考?,0,0,0,0,0,0
1184,300595,工,软件工程,售后服务有哪些？,高考?,0,0,0,0,0,0
1185,300594,工,软件工程,网站指南有哪些？,高考?,0,0,0,0,0,0
1186,300593,工,软件工程,平台课程可以累积吗？,高考?,0,0,0,0,0,0
1187,300592,工,软件工程,课程没有学完，没有时间学了，怎么办？,高考?,0,0,0,0,0,0
1188,300591,工,软件工程,这平台没有交流环节，不利于课后学习,高考?,0,0,0,0,0,0
1189,300590,工,软件工程,这个平台很好用，每天都来上课,"高考? 小木:...... 小木:你好,我是你的智能学习助理小木~ 小木:最近怎么样 小木:还是老样子",0,0,0,0,0,0
1190,300589,工,软件工程,如何短期内提高编程能力？,高考?,0,0,0,0,0,0
1191,300588,工,软件工程,如何快速入门？,高考?,0,0,0,0,0,0
1192,300587,工,软件工程,软件工程的概念是？,高考?,0,0,0,0,0,0
1193,300586,工,软件工程,这门课有多少个章节，哪些章节是重点内容？,高考?,0,0,0,0,0,0
1194,300585,工,软件工程,数学不好学软件工程难吗？,高考?,0,0,0,0,0,0
1195,300584,工,软件工程,如何理解软件工程呢？,"高考? 小木:...... 小木:你好,我是你的智能学习助理小木~ 小木:最近怎么样 小木:还是老样子",0,0,0,0,0,0
1196,300583,工,软件工程,中国什么时候才能晋升发达国家？,高考?,0,0,0,0,0,0
1197,300582,工,软件工程,元宵节是哪天？,高考?,0,0,0,0,0,0
1198,300530,理,大学物理1,大学物理对学其他科目很有帮助,"好的,我去帮你问问物理老师。",1,0,0,0,0,0
1199,300529,理,大学物理1,每天都想学习大学物理,"没问题,我每天都帮你记下上课笔记",0,0,0,0,0,0
1200,300528,理,大学物理1,大学物理真的好有趣呀,"是啊,我还记得当时老师讲物理课的情景,你认真听讲的样子,真的可爱~",2,2,2,2,2,2
1201,300527,理,大学物理1,不想学大学物理了，想退课,"......好吧,那我帮你记笔记......",0,0,0,0,0,0
1202,300526,理,大学物理1,大学物理这么难，挂科率很高吧,"嗯,我刚刚查了一下,大学挂科率高达52.22%25",2,2,2,2,2,2
1203,300525,理,大学物理1,大学物理内容怎么这么多？,"因为物理是最基础、最经典的学科了,是其他学科的基础呀!",2,2,2,2,2,2
1204,300524,理,大学物理1,平台有客服吗？,"您好,我在线客服已经无法为您提供帮助了,您可以联系小木",1,1,1,1,1,1
1205,300523,理,大学物理1,平台稳定吗？,"嗯,我们采用了多机房分布式部署,并采取CDN加速,确保用户访问速度。",2,2,2,2,2,2
1206,300522,理,大学物理1,平台维护时间是？,"平台维护时间一般是每周一至周四,周五和周六维护,节假日不休。",2,2,2,2,2,2
1207,300521,理,大学物理1,平台有弹幕吗？,"有的,在视频右下角有弹幕,可以发表评论,与用户进行互动。<n><n><n>二、用户体验:<n><n><n>1、产品定位",2,2,2,2,2,2
1208,300520,理,大学物理1,平台退款多久到账？,付款后3个工作日内到账,2,2,2,2,2,2
1209,300519,理,大学物理1,平台课后会有习题计算吗？,"有,课后我们还将提供课后习题解析、课后复习等内容,帮您巩固知识点。",2,2,2,2,2,2
1210,300518,理,大学物理1,大学物理实验课主要做什么的？,主要通过实验培养学生的实际动手能力,2,2,2,2,2,2
1211,300517,理,大学物理1,大学物理有实验课吗？,"有,我们还有大学物理实验视频,并录制了实验视频供用户参考。",2,2,2,2,2,2
1212,300516,理,大学物理1,大学物理是工学必学吗？,"是的,目前大学物理属于必修课程。",2,2,2,2,2,2
1213,300515,理,大学物理1,大学物理应用很广泛吗？,"是的,在大学期间,大学物理是基础学科,应用广泛。",2,2,2,2,2,2
1214,300514,理,大学物理1,针对这门课的难点，该怎么去攻破？,"建议采用思维导图的方式,梳理知识,并及时巩固,做到不懂点位,不懂就问。",2,2,2,2,2,2
1215,300513,理,大学物理1,这门课有哪些难点？,本课程的难点:静电场,2,2,2,2,2,2
1216,300512,理,大学物理1,这个平台好学不？,好学,2,0,2,2,2,0
1217,300511,理,大学物理1,网络流行歌是什么？,"网络流行歌是网络歌手通过利用各种音乐软件或网站,在互联网上发行和流行的一种音乐。",2,2,2,2,2,2
1218,300466,理,逻辑学概论,网站加载太慢了,那就去服务器上找找看~,2,2,2,2,2,2
1219,300465,理,逻辑学概论,为什么退课这么慢,"不好意思,可能我们的服务器正在维护中......",2,2,2,2,2,2
1220,300462,理,逻辑学概论,学完全部课程，还是不懂,可能是因为你没有理解我们给你的学习建议哦~,1,1,1,1,1,1
1221,300461,理,逻辑学概论,我考试满分，有奖励不？,"这可难倒我了,您需要我们的奖励机制吗?",2,2,2,2,2,2
1222,300458,理,逻辑学概论,为什么这门课这么难,可能是因为你没有理解我们的学习方式哦~,2,2,2,2,2,2
1223,300457,理,逻辑学概论,我想退课了，一点都不好,"好的,谢谢你的建议,我们会尽快为你处理的哦~",2,2,2,2,2,2
1224,300456,理,逻辑学概论,平台有课程考试嘛？,"不好意思,我们暂时没有设置这方面的考试机制哦~",2,2,2,2,2,2
1225,300455,理,逻辑学概论,多久到账？,"这个,这个这个啊~",1,0,1,1,1,1
1226,300454,理,逻辑学概论,退课后钱退回哪里呢？,"我们会给你进行退费申请的,申请成功后,钱会原路退回你的账户,请放心哦~",2,2,2,2,2,2
1227,300453,理,逻辑学概论,课程下线还可以购买吗？,"我们的课程是可以无限购买的,请放心哦~·在BOT聊天界面中,您可以通过点击""+""按钮来添加BOT,",2,2,2,2,2,2
1228,300452,理,逻辑学概论,搜索不到课程怎么办？,"可能是你的课程链接被百度屏蔽了,您可以尝试更换关键词,或者到网站里面进行检索哦~·在BOT的聊天界面中",2,2,2,2,2,2
1229,300451,理,逻辑学概论,想买其他课程怎么操作呢？,"进入我的界面,点击""我的课程""按钮,就可以进行其他课程的购买了~·在BOT的聊天界面中,您可以通过点击""",2,2,2,2,2,2
1230,300450,理,逻辑学概论,这门课的关键章节是？,"关键章节是课程目录上标明""关键""的章节哦!~·在BOT的聊天界面中,您可以通过点击""+""按钮",2,2,2,2,2,2
1231,300449,理,逻辑学概论,平台好用吗？,"平台很好用·在BOT的聊天界面中,您可以通过点击""+""按钮",2,2,2,2,2,2
1232,300448,理,逻辑学概论,多做练习题目有用吗？,"多做题目当然有用,但要注意的是,做题并不是越多越好,你做题的多少应该根据你的练习要求,如果发现不适合你的练习题目,应该",2,2,2,2,2,2
1233,300447,理,逻辑学概论,课后怎么复习？,"复习方法有很多,比如:重新听课、查看课程目录、查看讲义、听同学录音、查看老师博客等·在BOT的聊天",2,2,2,2,2,2
1234,300446,理,逻辑学概论,学习这门课，需要提前具备哪些知识背景？,"我们这门课的学习,需要一定的数学基础,所以我们在学习之前,希望你能学习一定的数学知识。·在BOT的聊天界面中,",2,2,2,2,2,2
1235,300444,理,逻辑学概论,这么课难学吗？,"当然难学了~·在BOT的聊天界面中,",1,1,1,1,1,1
1236,300442,理,逻辑学概论,微软怎么样？,"微软很好,微软有微软的产品,微软很强大。·在BOT的聊天界面中,",2,2,2,2,2,2
1237,300441,理,逻辑学概论,海水会干涸吗？,不会,2,2,2,2,2,2
1238,300396,工,数据结构（上）,我想买课,"好的,我这就帮你看看",2,2,2,2,2,2
1239,300395,工,数据结构（上）,我想退课,"好的,帮你退了",2,2,2,2,2,2
1240,300394,工,数据结构（上）,这个平台很有效,"好的,那我帮你看看,有什么不懂的你随时找我~",1,1,1,1,1,1
1241,300393,工,数据结构（上）,这个平台没啥用,"好的,帮你看看,有问题随时问我",1,1,1,1,1,1
1242,300392,工,数据结构（上）,这个平台太简单了,"好的,我帮你看看",1,1,1,1,1,1
1243,300391,工,数据结构（上）,这个平台好难操作,我帮你看看吧,1,1,1,1,1,1
1244,300390,工,数据结构（上）,平台支持几种方式上课？,"好的,我给你看看",0,0,0,0,0,0
1245,300389,工,数据结构（上）,平台进口？,"好的,我看看,我试试",0,0,0,0,0,0
1246,300388,工,数据结构（上）,平台上课的考核方式？,"好的,我看看,我试试",0,0,0,0,0,0
1247,300387,工,数据结构（上）,平台售后服务怎么样？,"好的,给你看看",0,0,0,0,0,0
1248,300386,工,数据结构（上）,平台都要哪些功能？,"好的,我来看看,我来试试",0,0,0,0,0,0
1249,300385,工,数据结构（上）,平台如何使用？,"好的, 我来看看",0,0,0,0,0,0
1250,300384,工,数据结构（上）,这门课除了在这个平台上学，还有哪些方式？,"好的,我看看,我试试",0,0,0,0,0,0
1251,300383,工,数据结构（上）,和这门课类似的课有哪些？,"好的,我看看,我试试",0,0,0,0,0,0
1252,300382,工,数据结构（上）,学好这门课有什么用？,"好的,我看看,我试试",0,0,0,0,0,0
1253,300381,工,数据结构（上）,这门课是必修课吗？,"好的,我看看,我试试",0,0,0,0,0,0
1254,300380,工,数据结构（上）,这门课的学习方法有哪些呢？,"好的,我看看,我试试",0,0,0,0,0,0
1255,300379,工,数据结构（上）,这门课难学吗？,"好的,我看看,我试试(以上为微信端的对话内容,若想查看更多相关内容请在APP内查看) 智能学习助理小",0,0,0,0,0,0
1256,300378,工,数据结构（上）,五仁月饼有哪些五仁？,"好的,小木我去问问",0,0,0,0,0,0
1257,300377,工,数据结构（上）,五谷有哪些？,"好的,我去问问",0,0,0,0,0,0
1258,300328,社,体育与社会,谢谢你的安慰，我感觉好多了,"你最近要多多注意保暖,不要感冒哦",0,0,0,0,0,0
1259,300327,社,体育与社会,你要是再聪明点就好了,"好的,我会努力的,不要嫌弃我笨哦~",2,2,2,2,2,2
1260,300326,社,体育与社会,你总是不能正确回答问题，真让人沮丧,我也觉得好沮丧......,1,1,1,1,1,1
1261,300325,社,体育与社会,你就不能安慰我一下么,......,0,0,0,0,0,0
1262,300324,社,体育与社会,熬夜做作业眼睛都疼,熬夜看文献眼睛也是疼,1,1,1,1,1,1
1263,300323,社,体育与社会,今天作业好多，写不完了，好烦,......,0,0,0,0,0,0
1264,300322,社,体育与社会,这门课很贴近生活，老师讲的好,可是还是听不懂......,0,0,0,0,0,0
1265,300321,社,体育与社会,这门课很有趣，我很喜欢,我也是,1,1,1,1,1,1
1266,300320,社,体育与社会,如何查看完成度,"下载“作业助手”,完成情况一目了然!",2,2,2,2,2,2
1267,300319,社,体育与社会,如何查看作业答案,"下载“智能问答系统”,学习过程不再孤单!",0,0,0,0,0,0
1268,300318,社,体育与社会,如何查看老师的批改？,"下载“作业批改系统”,再也不用担心老师看不到了!",2,2,2,2,2,2
1269,300317,社,体育与社会,如何提交作业？,"下载“作业管理工具”,一键提交,省时省力!",2,2,2,2,2,2
1270,300316,社,体育与社会,如何退课？,"下载“在线退课系统”,随时随地都能退!",2,2,2,2,2,2
1271,300315,社,体育与社会,如何取消选课？,"下载“选课系统”,选好了就再也不怕了!",2,2,2,2,2,2
1272,300314,社,体育与社会,如何选课？,"下载“在线选课系统”,选课一键搞定,简单方便!",2,2,2,2,2,2
1273,300313,社,体育与社会,这门课怎么学习能学好？,"下载“课程助手”,智能为你提供最科学的学习方法!",2,2,2,2,2,2
1274,300312,社,体育与社会,这门课怎么算成绩？,"下载“课程成绩管理平台”,学习不再烦恼!",2,2,2,2,2,2
1275,300311,社,体育与社会,这门课平时作业多吗？,"下载“作业助手”,作业管理好帮手!智能助手功能(点击课程详情页右上角)",2,2,2,2,2,2
1276,300310,社,体育与社会,这门课期末考试吗？,"下载“课程期末管理”,考试前,智能提醒,轻松学习!",2,2,2,2,2,2
1277,300309,社,体育与社会,这门课怎么考试？,"下载“在线考试系统”,随时随地上课,还能看直播!",2,2,1,2,2,2
1278,300268,社,思想道德修养与法律基础,你有什么高效的学习方法吗？,"看网课刷讲义,听名师课程,做笔记,学完后复习。",2,2,2,2,2,2
1279,300267,社,思想道德修养与法律基础,我害怕被老师骂,"先别害怕,听老师的话,下课好好请教老师,上课听讲,下课复习,遇到问题及时找资料解决,保证上课质量",2,2,2,2,2,2
1280,300265,社,思想道德修养与法律基础,考试考差了我就完蛋了,"你害怕的,我也害怕",1,1,1,1,2,1
1281,300264,社,思想道德修养与法律基础,考试快到了，我好紧张,"不要紧张,不要紧张,要相信自己",2,2,2,2,2,2
1282,300263,社,思想道德修养与法律基础,作业没做好，我好沮丧,"别沮丧,好好努力",2,2,2,2,2,2
1283,300262,社,思想道德修养与法律基础,这门课要背的太多了，总是记混了，心情好差,"不要放弃,不要忘记,不要灰心",2,2,2,2,2,2
1284,300261,社,思想道德修养与法律基础,但我总是拖延，就是不喜欢学习,"别着急,你慢慢来哦",2,2,2,2,2,2
1285,300260,社,思想道德修养与法律基础,我不喜欢背书，好烦啊,"背书枯燥,你可以这样",1,1,1,1,1,1
1286,300259,社,思想道德修养与法律基础,选课选错了可以退吗？,可以,2,2,2,2,2,2
1287,300258,社,思想道德修养与法律基础,怎么样查成绩？,"用微信,搜索【微学】小程序,里面有成绩查询入口",2,2,2,2,2,2
1288,300257,社,思想道德修养与法律基础,怎么做作业？,"用微信,搜索【微学】小程序,里面有作业入口",2,2,2,2,2,2