,category,course,query,answer,coherence,informativeness,hallucination,humanness,helpfulness,instructiveness
0,工,C++语言程序设计基础,吃什么有利于提高记忆力？,,0,0,0,0,0,0
1,工,C++语言程序设计基础,那我总是容易走神怎么办？,"上课走神的话,可以看看窗外,或者看看老师,这样注意力就会集中啦!",2,2,2,1,2,1
2,工,C++语言程序设计基础,看老师更容易紧张了,"紧张是正常的,但是要调整好心态,不要给自己太大压力哦!",2,2,2,2,1,1
3,工,C++语言程序设计基础,害怕老师向我提问怎么克服？,"老师提问是对你的关注,不要害怕,积极回答问题,老师会记住你的哦!",2,2,2,1,1,1
4,工,C++语言程序设计基础,害怕老师向我提问怎么克服？,"老师提问是对你上课听讲情况的考察,不要害怕,积极回答老师的问题,老师会更喜欢你的!",2,2,2,2,1,1
5,工,C++语言程序设计基础,最近学的难压力很大，如何缓解？,"学习压力大的时候,可以听听音乐,看看电影,或者去操场跑跑步,放松一下心情,这样学习起来也会更有效率哦!",1,2,2,2,2,2
6,工,C++语言程序设计基础,跑步锻炼一次跑多少合适？,"跑步锻炼一次跑30分钟到1小时为宜,跑步前要热身,跑步后要拉伸,跑步后不要马上坐下,可以慢走一会,或者做做拉伸运动。",2,2,2,2,2,1
7,工,C++语言程序设计基础,跑中途岔气怎么办？,"岔气是因为呼吸方式不对,跑步时,要口鼻同时呼吸,这样能防止岔气。",1,2,2,2,1,1
8,工,C++语言程序设计基础,跑完嗓子特别疼，如何缓解,"跑完嗓子疼,是因为跑步时呼吸方式不对,跑步时,要口鼻同时呼吸,这样能防止岔气。",1,2,2,2,1,1
9,工,C++语言程序设计基础,如何锻炼编程思维？,"多思考,多总结,多练习。",1,1,1,2,1,1
10,工,C++语言程序设计基础,编程总是出bug，好懊恼,"请多思考,多总结,多练习。",1,1,1,2,1,1
11,工,C++语言程序设计基础,如何学习计算机语言更高效？,"多思考,多总结,多练习。",1,1,1,2,1,1
12,工,C++语言程序设计基础,能不能提一些具体的建议？,"多思考,多总结,多练习。",1,1,1,2,1,1
13,文,毛泽东思想与中国特色社会主义理论体系概论,群众路线的含义是什么？,,0,0,0,0,0,0
14,工,C++语言程序设计基础,计算机语言有什么特点？,"计算机语言是计算机的“语言”,是计算机能够理解的“语言”。",1,1,1,2,1,1
15,文,毛泽东思想与中国特色社会主义理论体系概论,五四运动的性质是什么？,,0,0,0,0,0,0
16,工,C++语言程序设计基础,那该怎么学计算机语言。,"多思考,多总结,多练习。",1,1,1,2,1,1
17,工,C++语言程序设计基础,什么时候学习最高效？,"当然是在早上啦,早上记忆力最好,学习效率最高!",2,2,2,2,2,1
18,工,C++语言程序设计基础,晚上学习总是犯困怎么办？,"晚上学习犯困是因为大脑没有得到充分的休息,所以晚上学习的时候要注意劳逸结合哦!",1,2,2,2,1,1
19,工,C++语言程序设计基础,如何高效休息？,"休息的时候,可以听听音乐,看看窗外的风景,或者闭目养神,让大脑得到充分的休息。",1,2,2,2,1,1
20,工,C++语言程序设计基础,看绿色植物有利于眼睛休息？,"是的,看绿色植物有利于眼睛休息,但是要注意时间哦,长时间看绿色植物,眼睛会疲劳。",2,2,2,2,1,1
21,工,C++语言程序设计基础,看书多长时间就需要休息？,"看书40分钟就需要休息10分钟,让眼睛得到充分的休息。",2,2,2,2,1,1
22,工,C++语言程序设计基础,眼睛酸涩充血怎么缓解？,"眼睛酸涩充血,可以滴眼药水缓解,也可以闭目养神,让眼睛得到充分的休息。",2,1,2,2,1,1
23,工,C++语言程序设计基础,编程总是出bug怎么办？,"多思考,多总结,多练习。",1,1,1,2,1,1
24,工,C++语言程序设计基础,C语言有什么特点？,"C语言是面向过程的,C语言是面向对象的。",1,1,1,2,1,1
25,工,C++语言程序设计基础,如何学习c语言更高效？,"多思考,多总结,多练习。",1,1,1,2,1,1
26,工,C++语言程序设计基础,如何锻炼编程思维？,"多思考,多总结,多练习。",1,1,1,2,1,1
27,工,C++语言程序设计基础,计算机语言难学吗？,"难,但是坚持就是胜利。",1,2,2,2,1,1
28,工,C++语言程序设计基础,如何提高学习效率？,"请多思考,多总结,多练习。",1,1,1,2,1,1
29,工,C++语言程序设计基础,怎么知道我适不适合学习计算机？,"请多思考,多总结,多练习。",1,1,1,2,1,1
30,工,C++语言程序设计基础,C语言的逻辑结构是？,顺序结构、选择结构、循环结构。,2,1,1,2,2,1
31,工,C++语言程序设计基础,面向对象的对象是什么？,对象是具有相同属性和行为的一组数据。,2,2,2,2,1,1
32,工,C++语言程序设计基础,类和对象有区别吗？,"类是对象的抽象,对象是类的实例。",2,2,2,2,2,1
33,工,C++语言程序设计基础,意思是类是概括的对象？,是的。,1,1,1,1,1,1
34,工,C++语言程序设计基础,计算机是用二进制还是十进制？,计算机是用二进制的。,2,1,2,2,1,1
35,工,C++语言程序设计基础,十进制如何转换成二进制？,"十进制转换为二进制,需要先转换成二进制数,再按位取反。",2,2,2,2,1,1
36,工,C++语言程序设计基础,为什么计算机只能用二进制？,因为计算机只能识别二进制。,2,1,2,2,1,1
37,工,C++语言程序设计基础,我们输入的文字如何转换为二进制的？,"我们输入的文字,在计算机中是存储在二进制数中的。",2,1,2,2,1,1
38,工,C++语言程序设计基础,C语言属于机器语言吗？,"C语言属于高级语言,机器语言是低级语言。",2,1,2,2,1,1
39,工,C++语言程序设计基础,高级语言和机器语言有什么区别？,"高级语言是计算机可以识别的语言,而机器语言是计算机无法识别的语言。",2,1,2,2,1,1
40,工,C++语言程序设计基础,程序开发最重要得步骤是哪一步？,需求分析。,2,1,2,2,1,1
41,工,C++语言程序设计基础,概要设计主要确定哪些内容？,1.确定系统的功能;2.确定系统的逻辑结构;3.确定系统的数据结构;4.确定系统各模块之间的逻辑关系;5.确定系统各模块的详细设计。,2,2,2,1,2,1
42,工,C++语言程序设计基础,详细设计主要解决哪些问题？,,0,0,0,0,0,0
43,工,C++语言程序设计基础,对象的概括就是类？,"不是。类是对象的概括,对象是类的实例。",2,1,2,2,1,1
44,工,C++语言程序设计基础,面向对象思想如何应用？,,0,0,0,0,0,0
45,工,C++语言程序设计基础,哪一种计算机语言最常用？,C语言。,2,1,2,2,1,1
46,其,日语与日本文化,费曼学习法是什么？,"费曼学习法是诺贝尔物理学奖获得者理查德·费曼(RichardFeynman)发明的学习、记忆和解决问题的方法。费曼学习法强调理解,而不是记忆。",2,2,2,2,2,1
47,其,日语与日本文化,有些知识点理解起来有点困难,"没关系,小木为你推荐“学习金字塔”理论,学习效果最佳哦~",2,1,2,2,1,1
48,其,日语与日本文化,学习金字塔怎么应用？,"小木为你推荐“学习金字塔”理论,学习效果最佳哦~",0,0,1,1,1,0
49,其,日语与日本文化,学习金字塔又是什么意思？,"小木为你推荐“学习金字塔”理论,学习效果最佳哦~",0,0,1,1,0,0
50,其,日语与日本文化,解释一下啥是学习金字塔,"学习金字塔是美国缅因州的国家训练实验室研究成果,它用数字形式形象显示了:采用不同的学习方式,学习者在两周以后还能记住内容(平均学习保持率)的多少。",2,2,2,2,2,1
51,其,日语与日本文化,那我具体怎么做才能高效学习？,"小木为你推荐“学习金字塔”理论,学习效果最佳哦~",0,0,1,1,0,0
52,其,日语与日本文化,我完全没学过日语，还能学好吗？,"当然可以,小木会为你推荐最适合你的课程,并为你解答课程中遇到的问题。",2,1,2,2,1,1
53,文,毛泽东思想与中国特色社会主义理论体系概论,五四运动的实质是什么？,,0,0,0,0,0,0
54,其,日语与日本文化,我学习总是很没效率该怎么办？,"小木为你推荐“学习金字塔”理论,学习效果最佳哦~",0,0,1,1,0,0
55,理,有机化学,如何学习有机化学？,,0,0,0,0,0,0
56,理,有机化学,能使溴水反应褪色的有机物有哪些？,,0,0,0,0,0,0
57,理,有机化学,共价键的断键方式有哪些？,共价键的断裂方式有四种:1.电离;2.加成;3.取代;4.氧化。,2,2,2,2,2,1
58,理,有机化学,均裂和异裂有什么区别？,"均裂和异裂是共价键断裂方式的两种分类。均裂是共价键断裂时,原子间共用电子对全部消失,形成两个单键,如:H2+Cl2=2HCl;异裂是共价键断裂时,原子间共用电子对部分消失,形成两个双键,如:H2+Cl2=2HCl。",2,1,1,2,2,1
59,理,有机化学,化学键成键的条件有哪些？,1.原子间有共用电子对;2.原子间有共用电子对的原子数相等;3.原子间有共用电子对的原子的电性相同。,1,1,1,2,1,1
60,理,有机化学,共价键的形成条件？,1.原子间有共用电子对;2.原子间有共用电子对的原子数相等;3.原子间有共用电子对的原子的电性相同。,1,1,1,2,1,1
61,理,有机化学,共价键的形成条件是什么？,共价键的形成条件是:1.两个原子间有共用电子对;2.两个原子的电负性差值较大。,1,1,1,2,1,1
62,理,有机化学,共价键是如何形成？,共价键的形成过程是:1.两个原子的价电子数相等;2.两个原子的电负性差值较大。,2,1,2,2,1,1
63,理,有机化学,官能团有哪些？,官能团是具有官能团的物质的总称。,1,1,2,2,1,1
64,理,有机化学,石油的组成有哪些元素？,,0,0,0,0,0,0
65,理,有机化学,石油由哪些元素组成？,,0,0,0,0,0,0
66,理,有机化学,有机化合物的分类方法有哪些？,,0,0,0,0,0,0
67,理,有机化学,炔烃根据什么命名？,"炔烃根据碳链的长短命名,碳链越长,命名越复杂。",2,1,2,2,1,1
68,理,有机化学,炔烃的化学性质有哪些？,"炔烃的化学性质与烯烃相似,但比烯烃活泼,能发生加成反应、氧化反应、聚合反应等。",1,1,2,2,1,1
69,理,有机化学,查看学点成绩报告,"可以的,点击“我的”-“学点成绩报告”即可查看。",2,2,2,2,2,1
70,理,有机化学,炔烃如何命名？,"炔烃根据碳链的长短命名,碳链越长,命名越复杂。",2,1,2,2,1,1
71,其,日语与日本文化,我学习总是很没效率该怎么办？,"小木为你推荐“学习金字塔”理论,学习效果最佳哦~",0,0,1,1,0,0
72,其,日语与日本文化,我学习总是很没效率该怎么办？,"小木为你推荐“学习金字塔”理论,学习效果最佳哦~",0,0,1,1,0,0
73,其,日语与日本文化,我学习总是很没效率该怎么办？,"小木为你推荐“学习金字塔”理论,学习效果最佳哦~",0,0,1,1,0,0
74,其,日语与日本文化,如何学好一门语言？,"小木为你推荐“学习金字塔”理论,学习效果最佳哦~",0,0,1,1,0,0
75,其,日语与日本文化,日语学习方法有哪些？,"小木为你推荐“学习金字塔”理论,学习效果最佳哦~",0,0,1,1,0,0
76,其,日语与日本文化,下午学习总犯困怎么办？,"小木为你推荐“学习金字塔”理论,学习效果最佳哦~",0,0,1,1,0,0
77,其,日语与日本文化,具体解释一下什么是学习金字塔,"学习金字塔是美国缅因州的国家训练实验室研究成果,它用数字形式形象显示了:采用不同的学习方式,学习者在两周以后还能记住内容(平均学习保持率)的多少。它是一种现代学习方式的理论。最早它是由美国学者、著名的学习专家爱德加·戴尔1946年首先发现并提出的。",2,2,2,1,2,1
78,其,日语与日本文化,那具体应该怎么做？,"小木为你推荐“学习金字塔”理论,学习效果最佳哦~",0,0,1,1,0,0
79,其,日语与日本文化,我中文都学不好能学习日语吗？,"当然可以,小木会为你推荐最适合你的课程,并为你解答课程中遇到的问题。",1,1,1,1,1,1
80,其,日语与日本文化,我适合学习这门课吗？,"当然可以,小木会为你推荐最适合你的课程,并为你解答课程中遇到的问题。",1,1,2,2,1,1
81,其,日语与日本文化,日语语法难吗？,"日语语法不难,小木会为你推荐最适合你的课程,并为你解答课程中遇到的问题。",1,1,2,2,1,1
82,其,日语与日本文化,如何练习日语口语？,"小木会为你推荐最适合你的课程,并为你解答课程中遇到的问题。",0,0,1,1,0,0
83,其,日语与日本文化,这门课会讲日本文化？,"小木会为你推荐最适合你的课程,并为你解答课程中遇到的问题。",0,0,1,1,0,0
84,其,日语与日本文化,那我适合学什么课啊,"小木会为你推荐最适合你的课程,并为你解答课程中遇到的问题。",0,0,1,1,0,0
85,其,日语与日本文化,日语中的娘是母亲吗,"不是,娘是女儿的意思。",2,2,2,2,2,1
86,其,日语与日本文化,那日语中母亲怎么说？,お母さん,2,2,2,2,2,1
87,其,日语与日本文化,日语早上好有几种说法？,おはようございます,2,2,2,2,2,1
88,其,日语与日本文化,用日语如何打招呼,こんにちは,2,2,2,2,2,1
89,其,日语与日本文化,日语再见是撒由那拉？,"不是,是さようなら",2,2,2,2,2,1
90,其,日语与日本文化,日语里机的意思是手机吗,"不是,是机",2,1,1,2,1,1
91,其,日语与日本文化,平假名和片假名有什么区别？,平假名は、日本の文字で、日本の国名を表す。片假名は、日本の文字で、日本の国名を表す。万叶假名は、日本の文字で、日本の国名を表す。,2,2,2,2,2,1
92,其,日语与日本文化,平假名和片假名有什么区别？,"平假名是日语的书写形式,片假名是日语的发音形式。",1,1,2,2,1,1
93,其,日语与日本文化,日语语法有哪些特点？,"日语语法的特点是:1.动词变形复杂,动词活用变化多;2.助词多,助词的活用变化多;3.敬语发达,敬语的活用变化多;4.助词、助动词、助动词的活用变化多。",2,2,2,1,2,1
94,其,日语与日本文化,日语语句顺序是怎样的？,日语语句顺序是:主语-谓语-宾语。,2,2,2,2,2,1
95,其,日语与日本文化,日语中有多少种外来语？,日语中共有1000多种外来语。,2,2,2,2,2,1
96,其,日语与日本文化,中文是日语最主要的外来语吗,"不是,中文是日语最主要的外来语之一。",1,1,2,2,1,1
97,理,有机化学,炔烃有哪些化学性质？,"炔烃的化学性质与烯烃相似,但比烯烃活泼,能发生加成反应、氧化反应、聚合反应等。",1,1,2,2,1,1
98,理,有机化学,如何查看学点成绩报告？,点击“我的”-“学点成绩报告”即可查看。,2,2,2,2,2,1
99,其,日语与日本文化,日语和韩语是一个语系吗,"不是,日语和韩语属于不同的语系。",2,2,2,2,2,1
100,理,有机化学,炔烃有哪些物理性质？,"炔烃的沸点比烯烃低,比烷烃高,比苯低,比乙醇高。",1,1,2,2,1,1
101,理,有机化学,库切洛夫反应是什么？,"库切洛夫反应是1935年由苏联化学家库切洛夫发现的,反应中,烯烃与溴化氢在无水氯化锌存在下,在酸性条件下发生加成反应,生成溴代烷烃。",2,2,2,2,2,2
102,其,日语与日本文化,能不能具体一点？,"小木为你推荐“学习金字塔”理论,学习效果最佳哦~",0,0,1,1,0,0
103,理,有机化学,顺势烯烃如何获得？,"顺势烯烃是烯烃的衍生物,在烯烃分子中,碳碳双键的键长和键角都发生了改变,使烯烃分子的对称性降低,从而具有顺磁性。",1,1,2,2,1,1
104,其,日语与日本文化,学习金字塔是指什么？,"学习金字塔是美国缅因州的国家训练实验室研究成果,它用数字形式形象显示了:采用不同的学习方式,学习者在两周以后还能记住内容(平均学习保持率)的多少。",2,2,2,2,2,1
105,理,有机化学,乙炔的制作方法有哪些？,,0,0,0,0,0,0
106,其,日语与日本文化,都有哪些学习方式？,"1.听讲,2.阅读,3.视听结合,4.示范,5.练习,6.教授给他人,7.做项目,8.讨论,9.做报告,10.教别人。",2,2,2,2,2,1
107,理,有机化学,如何获得乙炔？,,0,0,0,0,0,0
108,其,日语与日本文化,教别人我不行，太尴尬了,"没关系,小木会为你推荐最适合你的学习方式,并为你解答课程中遇到的问题。",0,0,1,1,0,0
109,理,有机化学,如何制备乙炔？,,0,0,0,0,0,0
110,其,日语与日本文化,那你推荐一种？,"小木推荐“阅读”学习方式,因为阅读是学习金字塔中最有效的学习方式。",0,0,1,2,1,1
111,其,日语与日本文化,阅读是课本还是课外书？,"都可以,小木会为你推荐最适合你的阅读方式。",1,1,2,2,1,1
112,理,有机化学,如何制备较纯乙炔？,,0,0,0,0,0,0
113,理,有机化学,乙炔在400~500℃发生环状三聚合作用会生成什么？,乙炔在400~500°C发生环状三聚合作用会生成苯。,1,1,2,2,1,1
114,其,日语与日本文化,日语女儿怎么说？,お嫁さん,2,2,2,2,2,1
115,理,有机化学,乙炔在400~500℃发生环状三聚合作用会生成什么物质？,乙炔在400~500°C发生环状三聚合作用会生成苯。,1,1,2,2,1,1
116,其,日语与日本文化,さようなら的意思是？,さようなら(sayonara)是再见的意思。,2,2,2,2,2,1
117,理,有机化学,乙炔在400~500℃会生成苯吗？,乙炔在400~500°C会生成苯。,1,1,2,2,1,1
118,其,日语与日本文化,日语中如何表达爱,爱してる(aishiteru)我爱你,2,2,2,2,2,1
119,理,有机化学,乙炔在高温下多少度会会生成苯？,乙炔在高温下400~500°C会生成苯。,2,2,2,1,2,1
120,其,日语与日本文化,日语里的爱有几种含义？,爱(あい)は、人の心の中に存在する感情のこと。,2,2,2,2,2,1
121,理,有机化学,乙炔生成苯需要高温条件吗？,乙炔生成苯需要高温条件。,2,2,2,2,2,1
122,其,日语与日本文化,こんにちは是你好的意思？,,0,0,0,0,0,0
123,理,有机化学,共价键的断键方式有哪些？,共价键的断裂方式有四种:1.电离;2.加成;3.取代;4.氧化。,2,2,2,2,2,1
124,其,日语与日本文化,日语里盖浇饭怎么说？,ごはんがたまごごはん,2,2,2,2,2,1
125,其,日语与日本文化,平假名有分类吗？,平假名は、日本の文字で、日本の国名を表す。,2,2,2,2,2,1
126,理,有机化学,均裂和异裂有什么区别？,均裂和异裂是共价键断裂方式的两种分类。,2,1,2,2,1,1
127,理,有机化学,均裂和异裂是什么？,均裂和异裂是共价键断裂方式的两种分类。,2,1,2,2,1,1
128,其,日语与日本文化,片假名是发音？,片假名は、日本の文字で、日本の国名を表す。,2,2,2,2,2,1
129,理,有机化学,化学键成键的条件有哪些？,,0,0,0,0,0,0
130,其,日语与日本文化,搞不清楚平假名片假名有什么用？,平假名は、日本の文字で、日本の国名を表す。,2,2,2,2,2,1
131,理,有机化学,共价键是如何形成？,共价键的形成是原子间通过共用电子对形成共价键的过程。,2,2,2,1,2,1
132,其,日语与日本文化,日语语言特点有哪些？,日语は、日本の言叶で、日本の国名を表す。,1,1,2,2,1,1
133,其,日语与日本文化,能用中文回答吗？,日语は、日本の言叶で、日本の国名を表す。,1,1,2,2,1,1
134,其,日语与日本文化,你总是重复一句话,日语は、日本の言叶で、日本の国名を表す。,1,1,2,2,1,1
135,理,有机化学,共价键成键的条件有哪些？,共价键成键的条件有:1、原子间有共用电子对;2、原子间有共用电子对的原子必须处于同一平面上;3、原子间有共用电子对的原子必须相互靠近。,2,2,2,1,2,1
136,其,日语与日本文化,日语是以中文为基础吗,不是,2,2,2,2,2,1
137,理,有机化学,石油由哪些元素组成？,石油由碳、氢、氧、氮、硫、磷、卤素等元素组成。,2,2,2,2,2,2
138,其,日语与日本文化,日语里有很多外来语啊,,0,0,0,0,0,0
139,文,毛泽东思想与中国特色社会主义理论体系概论,石油由哪些元素组成？,"石油是由碳氢化合物组成的,其中碳元素占70%25,氢元素占15%25,其他元素占25%25。",2,2,2,1,2,1
140,文,毛泽东思想与中国特色社会主义理论体系概论,石油由哪些元素组成？,"石油是由碳氢化合物组成的,其中碳元素占70%25,氢元素占15%25,其他元素占25%25。",2,2,2,1,2,1
141,其,日语与日本文化,平假名来源于汉字草书是真的吗,是的,1,1,1,1,1,1
142,文,毛泽东思想与中国特色社会主义理论体系概论,石油由哪些元素组成？,"石油是由碳氢化合物组成的,其中碳元素占70%25,氢元素占15%25,其他元素占25%25。",2,2,2,1,2,1
143,其,日语与日本文化,平假名发明人是谁？,仓颉,2,2,2,1,2,1
144,其,日语与日本文化,日本有书法比赛吗,有,2,1,2,2,1,2
145,其,日语与日本文化,日本有没有传统戏剧,有,2,1,2,2,1,1
146,文,毛泽东思想与中国特色社会主义理论体系概论,五四运动的性质是什么？,,0,0,0,0,0,0
147,文,毛泽东思想与中国特色社会主义理论体系概论,五四运动带来了什么影响？,"五四运动是一场彻底的反帝反封建的爱国运动,也是中国新民主主义革命的开端。",1,1,2,2,1,1
148,文,毛泽东思想与中国特色社会主义理论体系概论,近代中国国情是什么？,近代中国国情是半殖民地半封建社会。,2,2,2,1,2,2
149,文,毛泽东思想与中国特色社会主义理论体系概论,毛泽东思想的历史地位？,"毛泽东思想是马克思列宁主义在中国的运用和发展,是被实践证明了的关于中国革命和建设的正确的理论原则和经验总结,是中国共产党集体智慧的结晶。",2,2,2,1,2,2
150,文,毛泽东思想与中国特色社会主义理论体系概论,毛泽东思想形成发展的历史条件？,毛泽东思想形成发展的历史条件是:1、近代中国半殖民地半封建社会的国情;2、马克思主义传入中国;3、中国共产党的诞生;4、中国共产党人的革命实践。,2,2,2,1,2,2
151,文,毛泽东思想与中国特色社会主义理论体系概论,群众路线的含义是什么？,群众路线是中国共产党的根本工作路线。,2,2,2,1,2,2
152,其,日语与日本文化,日本有没有传统戏剧,,0,0,0,0,0,0
153,文,毛泽东思想与中国特色社会主义理论体系概论,新民主主义革命的对象是什么？,新民主主义革命的对象是帝国主义、封建主义和官僚资本主义。,2,2,2,1,2,2
154,文,毛泽东思想与中国特色社会主义理论体系概论,新民主主义革命的动力是什么？,新民主主义革命的动力是工人阶级、农民阶级、城市小资产阶级和民族资产阶级。,2,2,2,1,2,2
155,文,毛泽东思想与中国特色社会主义理论体系概论,新民主主义革命有哪些领导力量？,新民主主义革命的领导力量是中国共产党。,2,2,2,2,2,2
156,文,毛泽东思想与中国特色社会主义理论体系概论,五四运动具有什么性质？,五四运动是新民主主义革命的开端。,2,2,2,1,2,2
157,文,毛泽东思想与中国特色社会主义理论体系概论,新民主主义革命的性质是什么？,"新民主主义革命是无产阶级领导的,以工农联盟为基础的,反对帝国主义、封建主义和官僚资本主义的革命。",2,2,2,1,2,2
158,文,毛泽东思想与中国特色社会主义理论体系概论,新民主主义革命的动力有哪些？,新民主主义革命的动力包括无产阶级、农民阶级、小资产阶级、民族资产阶级和爱国的知识分子。,2,2,2,2,2,2
159,文,毛泽东思想与中国特色社会主义理论体系概论,无产阶级属于新民主主义革命的动力吗？,"是的,无产阶级是新民主主义革命的领导阶级。",2,2,2,1,2,2
160,文,毛泽东思想与中国特色社会主义理论体系概论,新民主主义革命的领导力量有哪些？,新民主主义革命的领导力量是中国共产党。,2,2,2,2,2,2
161,文,毛泽东思想与中国特色社会主义理论体系概论,新民主主义革命带来了哪些影响？,新民主主义革命带来了新民主主义经济、政治和文化。,2,2,2,1,2,2
162,文,毛泽东思想与中国特色社会主义理论体系概论,新民主主义革命和旧民主主义革命有什么区别？,"新民主主义革命是无产阶级领导的,人民大众的,反对帝国主义、封建主义和官僚资本主义的革命。旧民主主义革命是资产阶级领导的,反对帝国主义、封建主义和官僚资本主义的革命。",2,2,2,1,2,2
163,文,毛泽东思想与中国特色社会主义理论体系概论,新民主主义革命对我们什么启示？,"新民主主义革命是无产阶级领导的,人民大众的,反对帝国主义、封建主义和官僚资本主义的革命。",2,2,2,2,2,2
164,文,毛泽东思想与中国特色社会主义理论体系概论,新民主主义革命的政治纲领有哪些？,"新民主主义革命的政治纲领是:1.打倒军阀,推翻国际帝国主义的压迫,统一中国为真正的民主共和国。2.没收官僚资本归新民主主义的国家所有,没收封建阶级的土地归农民所有,保护民族工商业。3.和平解决西安事变,实现国内和平,反对内战。4.反对帝国主义的侵略,反对封建主义的压迫,建设新民主主义的中国。",2,2,2,1,2,2
165,文,毛泽东思想与中国特色社会主义理论体系概论,新民主主义革命的经济纲领有哪些？,"新民主主义革命的经济纲领是:1.没收封建阶级的土地归农民所有,没收蒋介石、宋子文、孔祥熙、陈立夫为首的垄断资本归新民主主义的国家所有,保护民族工商业。2.保护工人、农民、小资产阶级和民族资产阶级的经济利益,调整各阶层人民之间的关系。3.实行耕者有其田的土地制度,发展农业生产。4.建立独立、自由、民主、统一和富强的新中国。",2,2,2,1,2,2
166,文,毛泽东思想与中国特色社会主义理论体系概论,新民主主义革命的文化纲领有哪些？,"新民主主义革命的文化纲领是:1.发展民族的、科学的、大众的文化。2.实行百花齐放、百家争鸣的方针。3.实行普及教育、发展科学技术和培养文化人材的方针。4.发展新民主主义的文化事业,实行文化专制主义。",2,2,2,2,2,2
167,文,毛泽东思想与中国特色社会主义理论体系概论,新民主主义革命道路的意义？,"新民主主义革命道路是中国革命的必由之路,是马克思主义中国化的伟大成果,是中国共产党领导中国人民取得革命胜利的重要法宝。",2,2,2,1,2,2
168,文,毛泽东思想与中国特色社会主义理论体系概论,新民主主义社会的五种经济成分是哪些？,新民主主义社会有五种经济成分:国家资本主义经济、个体经济、私营资本主义经济、民族资本主义经济和合作社经济。,2,2,2,1,2,2
169,文,毛泽东思想与中国特色社会主义理论体系概论,党的过渡时期什么时候？,党的过渡时期是1949年10月到1956年。,2,2,2,2,2,2
170,文,毛泽东思想与中国特色社会主义理论体系概论,党的过渡时期的总路线在哪个会议提出的？,党的过渡时期的总路线是1954年9月召开的第一届全国人民代表大会第一次会议提出的。,2,2,2,1,2,2
171,文,毛泽东思想与中国特色社会主义理论体系概论,党的三大优良作风是什么？,党的三大优良作风是:理论联系实际、密切联系群众、批评与自我批评。,2,2,2,1,2,2
172,文,毛泽东思想与中国特色社会主义理论体系概论,”三个代表“的重要思想的核心观点是什么？,"”三个代表“的重要思想的核心观点是:中国共产党始终代表中国先进生产力的发展要求,代表中国先进文化的前进方向,代表中国最广大人民的根本利益。",2,2,2,2,2,2
173,文,毛泽东思想与中国特色社会主义理论体系概论,”三个代表“的重要思想的历史地位是什么？,"”三个代表“的重要思想是中国共产党的立党之本、执政之基、力量之源,是马克思主义中国化的最新理论成果,是中国共产党先进性的集中体现,是中国共产党必须长期坚持的指导思想。",2,2,2,1,2,2
174,文,毛泽东思想与中国特色社会主义理论体系概论,科学发展观的科学内涵是什么？,"科学发展观的科学内涵是:第一要义是发展,核心是以人为本,基本要求是全面协调可持续,根本方法是统筹兼顾。",2,2,2,1,2,2
175,文,毛泽东思想与中国特色社会主义理论体系概论,科学发展观的内容有哪些？,"科学发展观的内容是:第一要义是发展,核心是以人为本,基本要求是全面协调可持续,根本方法是统筹兼顾。",2,2,2,2,2,2
176,文,毛泽东思想与中国特色社会主义理论体系概论,科学发展观的历史地位？,"科学发展观是马克思主义中国化的最新理论成果,是中国共产党集体智慧的结晶,是指导党和国家全部工作的强大思想武器。",2,2,2,1,2,2
177,理,算法设计与分析,计算机科学是什么？,"计算机科学是研究计算机及其周围各种现象和规律的科学,包括计算机硬件、软件与应用。",2,2,2,1,2,2
178,文,毛泽东思想与中国特色社会主义理论体系概论,习近平新时代中国特色社会主义思想创立的社会历史条件是哪些？,"1.中国特色社会主义进入新时代。2.中国特色社会主义进入新时代,意味着近代以来久经磨难的中华民族迎来了从站起来、富起来到强起来的伟大飞跃,迎来了实现中华民族伟大复兴的光明前景。3.中国特色社会主义进入新时代,意味着科学社会主义在二十一世纪的中国焕发出强大生机活力,在世界上高高举起了中国特色社会主义伟大旗帜。4.中国特色社会主义进入新时代,意味着中国特色社会主义道路、理论、制度、文化不断发展,拓展了发展中国家走向现代化的途径,给世界上那些既希望加快发展又希望保持自身独立性的国家和民族提供了全新选择,为解决人类问题贡献了中国智慧和中国方案。",2,2,2,2,2,2
179,文,毛泽东思想与中国特色社会主义理论体系概论,习近平新时代中国特色社会主义思想核心要义是什么？,"习近平新时代中国特色社会主义思想,是对马克思列宁主义、毛泽东思想、邓小平理论、“三个代表”重要思想、科学发展观的继承和发展,是马克思主义中国化最新成果,是党和人民实践经验和集体智慧的结晶,是中国特色社会主义理论体系的重要组成部分,是全党全国人民为实现中华民族伟大复兴而奋斗的行动指南,必须长期坚持并不断发展。",2,2,2,2,2,2
180,理,算法设计与分析,计算机硬件有哪些？,,0,0,0,0,0,0
181,文,毛泽东思想与中国特色社会主义理论体系概论,习近平新时代中国特色社会主义思想的主要内容是什么？,"习近平新时代中国特色社会主义思想,是对马克思列宁主义、毛泽东思想、邓小平理论、“三个代表”重要思想、科学发展观的继承和发展,是马克思主义中国化最新成果,是党和人民实践经验和集体智慧的结晶,是中国特色社会主义理论体系的重要组成部分,是全党全国人民为实现中华民族伟大复兴而奋斗的行动指南,必须长期坚持并不断发展。",2,2,2,1,2,2
182,文,毛泽东思想与中国特色社会主义理论体系概论,习近平新时代中国特色社会主义思想的理论特质是什么？,"习近平新时代中国特色社会主义思想,坚持马克思主义立场观点方法,坚持科学社会主义基本原则,紧密结合新的时代条件和实践要求,以全新的视野深化对共产党执政规律、社会主义建设规律、人类社会发展规律的认识,进行艰辛理论探索,取得重大理论创新成果,创立了习近平新时代中国特色社会主义思想。",2,2,2,1,2,2
183,理,算法设计与分析,计算机软件呢？,计算机软件是计算机程序和数据以及它们所依赖的信息一起构成的集合。,2,2,2,2,2,2
184,文,毛泽东思想与中国特色社会主义理论体系概论,习近平新时代中国特色社会主义思想的历史地位是什么？,"习近平新时代中国特色社会主义思想,是马克思主义中国化最新成果,是党和人民实践经验和集体智慧的结晶,是中国特色社会主义理论体系的重要组成部分,是全党全国人民为实现中华民族伟大复兴而奋斗的行动指南,必须长期坚持并不断发展。",2,2,2,1,2,2
185,文,毛泽东思想与中国特色社会主义理论体系概论,实现中华民族伟大复兴的行动指南有哪些？,"实现中华民族伟大复兴的行动指南,就是党的十九大报告确立的习近平新时代中国特色社会主义思想。",2,2,2,1,2,2
186,理,算法设计与分析,计算机应用在什么方面？,,0,0,0,0,0,0
187,理,算法设计与分析,计算机与算法设计联系,"计算机与算法设计是相辅相成的,计算机是算法设计的工具,算法设计是计算机的理论基础。",2,2,2,2,2,1
188,文,毛泽东思想与中国特色社会主义理论体系概论,中国梦的科学内涵是什么？,"中国梦,就是实现中华民族伟大复兴,是近代以来中国人民最伟大的梦想,是中华民族的最高利益和根本利益。中国梦,是中国共产党第十八次全国代表大会召开以来,习近平总书记系列重要讲话精神中的重要组成部分,是习近平总书记带领全党全国各族人民为实现中华民族伟大复兴而奋斗的宏伟目标。",2,2,2,2,2,2
189,文,毛泽东思想与中国特色社会主义理论体系概论,五位一体的五位是哪些？,五位一体的五位是:经济建设、政治建设、文化建设、社会建设、生态文明建设。,2,2,2,2,2,2
190,理,算法设计与分析,如何学好算法设计？,"学好算法设计,需要掌握算法设计的基本思想、基本方法,掌握算法设计的基本工具,掌握算法设计的基本技巧,掌握算法设计的基本步骤。",2,2,2,2,2,1
191,文,毛泽东思想与中国特色社会主义理论体系概论,如何建设社会主义文化强国？,"建设社会主义文化强国,关键是增强全民族文化创造活力。要深化文化体制改革,解放和发展文化生产力,发扬学术民主、艺术民主,为人民提供广阔文化舞台,让一切文化创造源泉充分涌流,开创全民族文化创造活力持续迸发、社会文化生活更加丰富多彩、人民基本文化权益得到更好保障、人民思想道德素质和科学文化素质全面提高、中华文化国际影响力不断增强的新局面。",2,2,2,2,2,2
192,理,算法设计与分析,波前算法是什么？,"波前算法是机器学习算法的一种,它通过预测输入数据中每个像素的灰度值,从而预测整个图像的灰度值。",2,2,2,2,2,1
193,文,毛泽东思想与中国特色社会主义理论体系概论,如何加强以民主为重点的社会建设？,"加强以民主为重点的社会建设,是中国特色社会主义的本质要求。要完善基层民主制度,保障人民知情权、参与权、表达权、监督权,发展更加广泛、更加充分、更加健全的人民民主。",2,2,2,2,2,2
194,理,算法设计与分析,机器学习与波前算法联系,"机器学习是波前算法的基础,波前算法是机器学习算法的一种。",2,2,2,2,2,1
195,文,毛泽东思想与中国特色社会主义理论体系概论,如何建设美丽中国？,,0,0,0,0,0,0
196,理,算法设计与分析,素的灰度值是？,素的灰度值是0。,2,1,2,2,1,1
197,理,算法设计与分析,素的灰度值是0有什么体现？,"素的灰度值是0,说明素的灰度值是0。",2,1,2,2,1,1
198,文,毛泽东思想与中国特色社会主义理论体系概论,什么是枫桥经验？,,0,0,0,0,0,0
199,理,算法设计与分析,输入数据有什么作用？,输入数据是波前算法预测灰度值的依据。,2,2,2,2,2,1
200,理,算法设计与分析,机器学习算法有哪些？,机器学习算法有监督学习算法、无监督学习算法、强化学习算法、迁移学习算法、深度学习算法。,2,2,2,1,2,1
201,理,算法设计与分析,欧几里得算法是谁发明的？,"欧几里得算法是由古希腊数学家欧几里得提出的,是解决NP完全问题的一种算法,是解决NP完全问题的一种算法。",2,2,2,2,2,1
202,理,算法设计与分析,古希腊数学方面有什么成就、,"古希腊数学方面有三大成就,分别是毕达哥拉斯定理、欧几里得几何学、阿基米德的数学方法。",2,2,2,1,2,1
203,理,算法设计与分析,阿基米德的数学方法是什么？,"阿基米德的数学方法是一种利用数学方法解决物理问题的方法,是一种利用数学方法解决物理问题的方法。",2,2,2,1,2,1
204,理,算法设计与分析,数学与物理的联系？,"数学与物理的联系是数学与物理的相互渗透,数学与物理的相互渗透,数学与物理的相互渗透。",2,2,2,2,2,1
205,理,算法设计与分析,数学好物理就一定好吗？,"不一定,数学好物理不一定好,数学好物理不一定好,数学好物理不一定好。",2,2,2,2,2,2
206,理,算法设计与分析,数学与算法的联系？,"数学与算法的联系是数学与算法的相互渗透,数学与算法的相互渗透,数学与算法的相互渗透。",2,2,2,1,2,1
207,理,算法设计与分析,目标值是什么？,"目标值是函数的最小值,是函数的最小值。",2,1,2,2,1,1
208,理,算法设计与分析,函数的最小值如何定义？,"函数的最小值是函数的最大值,是函数的最大值。",2,1,2,2,1,1
209,理,算法设计与分析,函数的最小值和最大值,"函数的最小值是函数的最大值,是函数的最大值。",2,2,2,2,2,2
210,理,算法设计与分析,算法的设计有,,0,0,0,0,0,0
211,理,算法设计与分析,算法的设计有什么语言方法呢？,,0,0,0,0,0,0
212,理,算法设计与分析,如何提高学习效率,"学习时,要集中注意力,不要一心二用,要劳逸结合,保证充足的睡眠。",2,2,2,2,2,2
213,理,算法设计与分析,如何进行算法分析,算法分析包括算法分析步骤、算法分析工具。,1,1,2,2,1,1
214,理,算法设计与分析,算法分析步骤有哪些？,算法分析步骤包括:算法分析、算法评价、算法改进。,2,2,2,2,2,1
215,理,算法设计与分析,算法分析步骤,算法分析步骤包括:算法分析、算法评价、算法改进。,2,2,2,2,2,1
216,理,算法设计与分析,如何进行算法评价,算法评价包括算法性能评价、算法复杂度评价。,1,1,2,2,1,1
217,理,算法设计与分析,如何进行算法评价？,算法性能评价包括:计算时间、计算空间、算法复杂度。,1,1,2,2,1,2
218,理,算法设计与分析,评价,评价包括算法性能评价、算法复杂度评价。,2,2,2,2,2,2
219,理,算法设计与分析,计算空间是指？,,0,0,0,0,0,0
220,理,算法设计与分析,晚上学习效率高吗？,,0,0,0,0,0,0
221,理,算法设计与分析,为何这么招蚊子？,,0,0,0,0,0,0
222,理,算法设计与分析,你怎么不回答了？,,0,0,0,0,0,0
223,理,有机化学,python是什么语言？,"python是一种面向对象的解释型计算机程序设计语言,是一种动态类型、弱类型、基于原型的语言。",2,2,2,2,2,1
224,理,算法设计与分析,python是什么语言？,"python是一种面向对象的解释型计算机程序设计语言,也是一种功能强大而完善的通用型语言。",2,2,2,2,2,1
225,理,算法设计与分析,面向对象是什么意思？,"面向对象是一种计算机编程思想,它允许程序设计语言把程序和数据封装成对象,使得程序和数据之间的关系更加直观,使得程序员可以集中精力考虑算法和逻辑,而不必考虑数据的存储方式。",2,2,2,1,2,2
226,理,算法设计与分析,数据的存储方式有哪些？,数据的存储方式有:顺序存储、链式存储、索引存储、散列存储。,2,2,2,2,2,2
227,理,逻辑学概论,学习逻辑学需要具备哪些知识储备？,学习逻辑学需要具备统计学、数学、哲学、逻辑学概论、逻辑学导论、逻辑学导论(英文版)等知识储备。,2,2,2,2,2,1
228,理,逻辑学概论,逻辑学有哪些核心概念？,,0,0,0,0,0,0
229,理,逻辑学概论,逻辑学哪些内容需要重点掌握？,逻辑学概论、逻辑学导论、逻辑学导论(英文版)。,2,1,2,2,1,1
230,理,逻辑学概论,逻辑学是一门关于什么的学科？,逻辑学是一门关于思维的学科。,2,1,2,2,1,1
231,理,逻辑学概论,如何锻炼自己的逻辑思维？,"逻辑学是一门关于思维的学科,可以通过逻辑学概论、逻辑学导论、逻辑学导论(英文版)等课程来锻炼自己的逻辑思维。",0,0,2,2,0,1
232,理,逻辑学概论,怎样加强思维的条理性？,"逻辑学是一门关于思维的学科,可以通过逻辑学概论、逻辑学导论、逻辑学导论(英文版)等课程来加强思维的条理性。",0,0,2,2,0,1
233,理,逻辑学概论,平台会有知识点总结吗？,"当然啦,小木会为你推荐知识点总结,并为你讲解课程知识点哦~",2,1,2,2,1,1
234,理,逻辑学概论,平时会有测验吗？,"当然啦,小木会为你推荐测验,并为你讲解测验答案哦~",2,1,2,2,1,1
235,理,逻辑学概论,上课在哪里提问？,"小木会为你推荐提问平台,并为你讲解课程知识点哦~",1,1,2,2,1,1
236,理,逻辑学概论,有问题有助教帮忙吗？,"当然啦,小木会为你推荐助教,并为你讲解课程知识点哦~",2,1,2,2,1,1
237,理,逻辑学概论,怎么联系老师问问题？,"小木会为你推荐老师,并为你讲解课程知识点哦~",2,1,2,1,2,1
238,理,逻辑学概论,练习题答案在哪里看？,"小木会为你推荐答案,并为你讲解课程知识点哦~",2,1,2,2,1,1
239,理,逻辑学概论,逻辑思维有哪些特点？,,0,0,0,0,0,0
240,理,逻辑学概论,如何提升一个人的逻辑思维能力？,"逻辑学是研究思维形式及其规律的科学,具有理论性、系统性、逻辑性、实践性等特点。",1,2,2,2,1,1
241,理,逻辑学概论,逻辑学主要研究哪些内容？,"逻辑学主要研究思维形式及其规律,包括概念、判断、推理、论证、逻辑方法等。",2,2,2,2,2,2
242,理,逻辑学概论,思维的形式结构的含义是什么？,思维的形式结构是指思维的构成要素及其相互关系。,2,2,2,2,2,1
243,理,逻辑学概论,推理的最小单位是什么？,推理的最小单位是前提和结论。,2,2,2,2,2,1
244,理,逻辑学概论,推理有几种分类？,推理分为演绎推理和归纳推理。,1,1,2,2,1,1
245,理,逻辑学概论,中国哪些古代思想体现了逻辑性特征？,"中国古代思想中,儒家、道家、法家、墨家、兵家、名家、阴阳家等思想都体现了逻辑性特征。",1,1,2,2,1,2
246,理,逻辑学概论,阴阳家是不是体现辩证思想？,"阴阳家是中国古代思想中一个学派,它体现了中国古代思想中辩证思想,但辩证思想不是阴阳家所独有。",1,1,1,1,1,1
247,理,逻辑学概论,逻辑思维是不是包括辩证思想？,"逻辑思维包括辩证思想,但辩证思想不是逻辑思维所独有。",2,1,2,2,1,1
248,理,逻辑学概论,中国有哪些逻辑学大师？,,0,0,0,0,0,0
249,理,逻辑学概论,如何确定推理有效？,"推理的有效性,是指推理过程和结论之间具有逻辑一致性。",1,1,2,2,1,1
250,理,逻辑学概论,真值表的作用是什么？,真值表的作用是确定命题的真假。,2,2,2,2,2,2
251,理,逻辑学概论,概念有哪些种类？,概念的种类有:1、性质概念:是反映事物本质特征的概念。2、关系概念:是反映事物之间某种关系的概念。3、集合概念:是反映一类事物的全体或一个个体的概念。,2,2,2,2,2,1
252,理,逻辑学概论,属加种差定义法是什么？,"属加种差定义法是定义概念的一种方法,即先给概念下属概念,再给属概念下种差。",2,2,2,2,2,1
253,理,逻辑学概论,定义规则的具体内容是什么？,,0,0,0,0,0,0
254,理,逻辑学概论,三段论推理的特征是？,三段论推理的特征是:1、前提中至少有一个直言命题。2、前提中至少有一个是直言命题。3、结论中至少有一个直言命题。,2,2,2,2,2,1
255,理,逻辑学概论,直言命题是什么意思？,"直言命题是判断的一种,由一个判断词和它所断定的直言判断的谓项构成。",2,2,2,1,2,1
256,理,逻辑学概论,三段论推理原则是？,三段论推理原则是:1、大前提必须是真的。2、小前提必须是真的。3、结论必须是真的。,2,2,2,2,2,2
257,理,逻辑学概论,逻辑学需要理性思维？,"是的,逻辑学是研究思维形式及其规律的学科,而理性思维是思维的一种高级形式,是思维的一种高级形式。",2,2,2,2,2,1
258,理,逻辑学概论,逻辑思维一定是理性的吗？,"不一定,逻辑思维是理性思维的一种,理性思维是思维的一种高级形式。",2,2,2,2,2,1
259,理,逻辑学概论,文科生可以学逻辑学吗？,"可以的,逻辑学是研究思维形式及其规律的学科,而文科生可以学习逻辑学,因为文科生可以学习逻辑学概论。",2,2,2,2,2,2
260,理,逻辑学概论,哲学很深奥啊，逻辑学好学吗,,0,0,0,0,0,0
261,理,逻辑学概论,逻辑思维差，怎么提高？,"逻辑思维差,可以通过学习逻辑学来提高。",2,1,2,2,1,2
262,理,逻辑学概论,学习逻辑学会有什么收获？,"学习逻辑学,可以培养逻辑思维能力,提高思维水平,增强思维的条理性、系统性、深刻性和辩证性。",2,2,2,2,2,2
263,理,逻辑学概论,学习逻辑学会有什么收获？,"学习逻辑学,可以培养逻辑思维能力,提高分析问题和解决问题的能力。",2,2,2,2,2,2
264,文,唐宋词鉴赏,我们学习宋词需要注意哪些方面,"宋词是中国古代汉族文学皇冠上光辉夺目的一颗巨钻,在古代汉族文学的阆苑里,她是一座芬芳绚丽的园圃。她以姹紫嫣红、千姿百态的神韵,与唐诗争奇,与元曲斗妍,历来与唐诗并称双绝,都代表一代文学之胜。",1,2,2,2,1,1
265,文,唐宋词鉴赏,唐诗和宋词的区别在哪里,"唐诗和宋词的区别,在于唐诗是唐诗,宋词是宋词。唐诗和宋词是两种不同的文体,唐诗是诗,宋词是词。",2,2,2,2,2,2
266,文,唐宋词鉴赏,宋词是由诗演变过来的吗,"不是。唐诗和宋词是两种不同的文体,唐诗是诗,宋词是词。",2,1,2,2,1,1
267,文,唐宋词鉴赏,宋词风格有哪些形式,,0,0,0,0,0,0
268,文,唐宋词鉴赏,要如何分辨平仄声,"平仄声,就是平声和仄声。平声就是阴平、阳平,仄声就是上声、去声、入声。",2,2,2,2,2,2
269,文,唐宋词鉴赏,被形容诗中有画，画中有诗的是哪位诗人,王维。,2,1,2,2,1,1
270,文,唐宋词鉴赏,两小无猜出自哪首诗,"出自《诗经·小雅·常棣》,原句为“兄弟既具,和乐且孺。妻子好合,如鼓瑟琴。兄弟既翕,和乐且湛。宜尔室家,乐尔妻⁇。”",2,2,2,2,2,2
271,文,唐宋词鉴赏,“满城尽带黄金甲”描写的哪种花,描写的是菊花,2,1,2,2,1,1
272,文,唐宋词鉴赏,有“孤篇压倒全唐”之美誉的作品是什么,是《春江花月夜》,2,1,2,2,2,1
273,文,唐宋词鉴赏,年年岁岁花相似，岁岁年年人不同出自哪首诗,"出自唐代诗人刘希夷的《代悲白头翁》,原句为“年年岁岁花相似,岁岁年年人不同”。",2,2,2,2,2,2
274,文,唐宋词鉴赏,闻官军收河南河北这首诗提到了几个地名,两个地名,2,1,2,2,1,1
275,文,唐宋词鉴赏,“暗香”和“疏影”两词牌是取自于谁的诗句,取自于宋代诗人林⁇的《山园小梅》,2,2,2,2,2,2
276,文,唐宋词鉴赏,五言和七言只是字数不同吗,"五言和七言只是字数不同,五言是每句五个字,七言是每句七个字。",2,1,2,2,1,1
277,文,唐宋词鉴赏,古代音律是以诗词来创作的吗,"古代音律是以诗词来创作的,诗词是音律的载体。",2,2,2,2,2,2
278,文,唐宋词鉴赏,这里说的载体是什么,"这里说的载体是音律的表现形式,诗词是音律的载体。",1,2,2,2,1,1
279,文,唐宋词鉴赏,音律的表现形式有哪些呢,音律的表现形式有诗词、音乐、舞蹈、绘画、建筑等。,2,2,2,2,2,2
280,文,唐宋词鉴赏,建筑也是音律的表现形式吗,"建筑也是音律的表现形式,建筑是音律的载体。",1,1,2,2,1,1
281,文,唐宋词鉴赏,这个还真是才知道 ，长知识了,"是的,建筑是音律的载体。",0,0,1,1,1,1
282,文,唐宋词鉴赏,《小木诗》都讲了些什么,"小木诗是一首首小诗,每一首小诗都蕴含着一个知识点,小木诗的作者是小木,小木是智能学习助理,小木诗是智能学习助理创作的小诗。",2,2,2,2,2,1
283,文,唐宋词鉴赏,《小木诗》是小木自己写的吗,"小木诗是智能学习助理创作的小诗,小木是智能学习助理,小木诗是智能学习助理创作的小诗。",2,2,2,1,2,1
284,文,唐宋词鉴赏,有句诗“入骨相思知不知”上句诗是什么,"上句诗是“玲珑骰子安红豆,入骨相思知不知”。",2,2,2,2,2,2
285,文,唐宋词鉴赏,词的别称有哪些,词的别称有诗余、长短句、曲子词、乐府等。,2,2,2,2,2,2
286,文,唐宋词鉴赏,花间派词人是谁,花间派词人是温庭筠、韦庄、皇甫松、和凝等。,2,2,2,2,2,1
287,文,唐宋词鉴赏,韦庄有什么代表作,韦庄有《浣溪沙》,2,1,2,2,1,1
288,文,唐宋词鉴赏,李白是诗仙，杜甫是诗圣，有称作诗狂的吗,"有,贺知章",2,1,2,2,1,1
289,文,唐宋词鉴赏,他有哪些作品呢,"贺知章(659年—744年),字季真,号四明狂客,汉族,唐越州会稽(今浙江绍兴)人。因自号“四明狂客”,以善书名世,而尤精草书,其狂草当时与李白诗歌、张旭草书并称“三绝”。",0,0,2,2,1,1
290,文,唐宋词鉴赏,临江仙.梦后楼台高锁中提到的乐器是什么,琵琶,2,1,2,2,1,1
291,文,唐宋词鉴赏,苏轼被贬黄州时写的作品是什么,念奴娇.赤壁怀古,2,1,2,2,1,1
292,文,唐宋词鉴赏,此它安处是吾乡出自哪首词,定风波.莫听穿林打叶声,2,2,2,2,2,2
293,文,唐宋词鉴赏,“细雨湿流光”下句是什么,流光容易把人抛,2,2,2,2,2,2
294,文,唐宋词鉴赏,格律派奉行哪位词人的作词技巧,"格律派奉行的是“词必盛唐”的作词技巧,代表人物是李煜、柳永、周邦彦、姜夔、吴文英、王沂孙、周密、张炎等。",2,2,2,2,2,2
295,文,不朽的艺术：走进大师与经典,格律派奉行哪位词人的作词技巧,格律派奉行的是北宋词人柳永的作词技巧。,2,1,2,2,1,1
296,社,马克思主义基本原理,科学的世界观有哪些,马克思主义哲学、马克思主义政治经济学、科学社会主义。,2,2,2,2,2,2
297,社,马克思主义基本原理,方法论呢？,马克思主义认识论、马克思主义历史观、马克思主义群众观、马克思主义政党建设理论。,1,1,2,2,1,1
298,社,马克思主义基本原理,马克思主义群众观是什么？,"人民群众是历史的创造者,是推动社会历史发展的根本动力。",2,2,2,2,2,2
299,文,不朽的艺术：走进大师与经典,艺术精神是指什么,"艺术精神是指人工智能课程的选修课程,主要讲述人工智能的发展历史、人工智能的基本概念、人工智能的算法、人工智能的应用等。",2,2,2,2,2,1
300,社,马克思主义基本原理,历史的创造者主要做什么？,"人民群众是社会物质财富、精神财富的创造者,是社会变革的决定力量,是推动社会历史发展的根本动力。",1,1,2,2,1,1
301,文,不朽的艺术：走进大师与经典,不朽的艺术这门课程是讲人工智能吗,"不是,这门课程是人工智能课程的选修课程,主要讲述人工智能的发展历史、人工智能的基本概念、人工智能的算法、人工智能的应用等。",2,2,2,2,2,2
302,社,马克思主义基本原理,人民群众是社会物质财富主要体现在？,"人民群众是社会物质财富的创造者,是社会变革的决定力量,是推动社会历史发展的根本动力。",2,2,2,2,2,1
303,文,不朽的艺术：走进大师与经典,那讲讲人工智能的发展史呗,"好的,请听小木为你讲解。",1,1,2,2,2,1
304,社,马克思主义基本原理,如果没有群众基础，会怎么样？,"人民群众是社会物质财富、精神财富的创造者,是社会变革的决定力量,是推动社会历史发展的根本动力。",1,1,2,2,1,1
305,社,马克思主义基本原理,马克思和恩格斯哪个贡献大？,马克思,2,2,2,2,2,2
306,社,马克思主义基本原理,马克思主要贡献是？,创立了马克思主义,2,2,2,2,2,2
307,社,马克思主义基本原理,社会主义是什么？,"社会主义,是共产主义的第一阶段,是共产主义社会的初级阶段。",2,2,2,1,2,2
308,社,马克思主义基本原理,共产主义呢？,"共产主义,是社会主义的最终阶段,是社会主义社会的高级阶段。",2,2,2,1,2,2
309,社,马克思主义基本原理,如何才能实现共产主义？,"实现共产主义,需要经过社会主义和共产主义两个阶段。",2,2,2,2,2,2
310,文,不朽的艺术：走进大师与经典,维林多夫的维纳斯雕像突出的是什么,维林多夫的维纳斯雕像突出的是“残缺美”。,2,2,2,2,2,1
311,社,马克思主义基本原理,我们要走向共产主义社会吗？,"是的,我们要走向共产主义社会。",2,2,2,2,2,2
312,社,马克思主义基本原理,朝鲜是什么社会？,朝鲜是社会主义国家,1,1,2,2,1,1
313,文,不朽的艺术：走进大师与经典,早期苏米尔文明和埃及文明，人类艺术活动的最重要特征是什么,"美学领域,我可以帮你查询课程资源,推荐学术资源,为你解释知识点概念,回答平台使用常见问题,为你作诗哦～",2,2,2,2,2,2
314,社,马克思主义基本原理,朝鲜是发展中国家吗？,是的,2,1,2,2,1,1
315,社,马克思主义基本原理,朝鲜和中国关系怎么样？,朝鲜和中国关系友好,2,2,2,2,2,2
316,文,不朽的艺术：走进大师与经典,张旭的作品有什么,"美学领域,我可以帮你查询课程资源,推荐学术资源,为你解释知识点概念,回答平台使用常见问题,为你作诗哦～",1,1,2,2,1,1
317,社,马克思主义基本原理,朝鲜疫情怎么样？,朝鲜疫情严重,2,2,2,2,2,2
318,社,马克思主义基本原理,经济发展停滞不前该怎么办？,"发展经济,提高人民生活水平",2,1,2,2,1,1
319,文,不朽的艺术：走进大师与经典,被后世称为画圣的是哪位画家,"美学领域,我可以帮你查询课程资源,推荐学术资源,为你解释知识点概念,回答平台使用常见问题,为你作诗哦～",0,0,2,2,0,0
320,社,马克思主义基本原理,金融危机怎么面对？,"积极应对,保持信心",2,1,2,2,1,1
321,社,马克思主义基本原理,工资入不敷出怎么办？,"小木,你说什么?",0,0,1,1,0,0
322,文,不朽的艺术：走进大师与经典,美学领域指的什么,"美学领域,我可以帮你查询课程资源,推荐学术资源,为你解释知识点概念,回答平台使用常见问题,为你作诗哦～",1,1,2,2,1,1
323,社,马克思主义基本原理,达尔文主要贡献？,"达尔文的主要贡献是进化论,进化论是生物学中最基本的理论之一,也是达尔文最伟大的贡献。",2,2,2,2,2,2
324,文,不朽的艺术：走进大师与经典,梵高的作品,"美学领域,我可以帮你查询课程资源,推荐学术资源,为你解释知识点概念,回答平台使用常见问题,为你作诗哦～",0,1,0,1,0,0
325,社,马克思主义基本原理,达尔文是生物学家吗？,"是的,达尔文是生物学家,进化论是生物学中最基本的理论之一,也是达尔文最伟大的贡献。",2,2,2,2,2,2
326,文,不朽的艺术：走进大师与经典,睡莲是谁的作品,"美学领域,我可以帮你查询课程资源,推荐学术资源,为你解释知识点概念,回答平台使用常见问题,为你作诗哦～",0,1,0,0,0,0
327,社,马克思主义基本原理,进化论主要内容是？,"进化论的主要内容是生物进化理论,生物进化理论是达尔文最伟大的贡献。",2,2,2,2,2,1
328,社,马克思主义基本原理,达尔文哪个国家的？,,0,0,0,0,0,0
329,社,马克思主义基本原理,蝴蝶存在多久了？,"蝴蝶存在了大约1亿年,是地球上最古老的生物之一。",2,2,2,2,2,2
330,文,不朽的艺术：走进大师与经典,以画闻名的是中国哪位画家,"美学领域,我可以帮你查询课程资源,推荐学术资源,为你解释知识点概念,回答平台使用常见问题,为你作诗哦～",0,0,2,2,0,0
331,社,马克思主义基本原理,腾讯很厉害吗？,"当然,腾讯公司成立于1998年11月,是目前中国最大的互联网综合服务提供商之一,也是中国服务用户最多的互联网企业之一。",2,2,2,2,2,2
332,社,马克思主义基本原理,腾讯有哪些业务？,"腾讯公司成立于1998年11月,是目前中国最大的互联网综合服务提供商之一,也是中国服务用户最多的互联网企业之一。",1,1,2,2,1,1
333,社,马克思主义基本原理,腾讯市值多少？,"腾讯控股(00700.HK)2018年3月29日收盘报320.6港元,总市值3.9万亿港元,位居亚洲第一,全球第六。",2,2,2,2,2,2
334,社,马克思主义基本原理,腾讯董事长是？,"马化腾,1971年10月29日生于广东省汕头市潮南区。腾讯主要创办人之一,现担任公司控股董事会主席兼首席执行官。",2,2,2,2,2,2
335,文,不朽的艺术：走进大师与经典,米开朗基罗的创作有哪些,"美学领域,我可以帮你查询课程资源,推荐学术资源,为你解释知识点概念,回答平台使用常见问题,为你作诗哦～",0,0,2,2,0,0
336,社,马克思主义基本原理,腾讯和qq的联系是？,"腾讯公司成立于1998年11月,是目前中国最大的互联网综合服务提供商之一,也是中国服务用户最多的互联网企业之一。",0,0,2,2,0,0
337,社,马克思主义基本原理,广东汕头很多老板吗？,"是的,马化腾就是汕头人。",2,1,2,2,1,1
338,社,马克思主义基本原理,马克思主义基本原理主要讲什么？,"马克思主义基本原理是马克思主义理论的主干和核心,是马克思主义理论教育的根本和基础。",2,2,2,2,2,2
339,社,马克思主义基本原理,如何实现有温度的教育？,"有温度的教育,就是让教育回归教育本身,让教育回归人本身,让教育回归生活本身。",2,2,2,2,2,2
340,文,不朽的艺术：走进大师与经典,能说说美学领域这一块吗,"美学领域,我可以帮你查询课程资源,推荐学术资源,为你解释知识点概念,回答平台使用常见问题,为你作诗哦～",2,1,2,2,1,1
341,社,马克思主义基本原理,十二年教育有必要吗？,"十二年教育是教育发展到一定阶段的产物,是教育发展到一定阶段的必然要求。",2,2,2,2,2,2
342,社,马克思主义基本原理,教育是终生的吗？,"教育是终生的,教育是伴随人一生的。",2,2,2,1,2,2
343,社,马克思主义基本原理,如何实现高效教育？,"高效教育,就是让教育回归教育本身,让教育回归人本身,让教育回归生活本身。",1,1,2,2,1,1
344,社,马克思主义基本原理,活到老学到老吗？,"活到老学到老,学习是伴随人一生的。",2,2,2,2,2,2
345,文,不朽的艺术：走进大师与经典,影子的影子是指什么,"美学领域,我可以帮你查询课程资源,推荐学术资源,为你解释知识点概念,回答平台使用常见问题,为你作诗哦～",0,0,2,2,0,0
346,社,马克思主义基本原理,学生期间强制买的无用书？？,"学生期间强制买的无用书,是学生自己选择的结果,是学生自己选择的结果,是学生自己选择的结果。",1,1,2,2,1,1
347,社,马克思主义基本原理,如何优雅的拒绝别人？,"如何优雅的拒绝别人,就是不要拒绝别人,不要拒绝别人,不要拒绝别人。",1,1,1,1,1,1
348,文,不朽的艺术：走进大师与经典,史前艺术的三种绘画语汇是指什么,"美学领域,我可以帮你查询课程资源,推荐学术资源,为你解释知识点概念,回答平台使用常见问题,为你作诗哦～",0,0,1,1,0,0
349,社,马克思主义基本原理,学习多久休息一次？,"学习多久休息一次,取决于你的学习状态,取决于你的学习状态,取决于你的学习状态。",2,2,2,2,2,1
350,文,不朽的艺术：走进大师与经典,兵马俑的人物人性特点突出的表现在哪里,"美学领域,我可以帮你查询课程资源,推荐学术资源,为你解释知识点概念,回答平台使用常见问题,为你作诗哦～",0,0,2,2,0,0
351,社,体育与社会,学习多久休息一次？,"这门课有配套的学习资源,你可以使用课程资源中的“智能导学”功能,了解课程大纲、学习路径、学习重点、学习难点等,帮助你快速入门。",0,0,2,2,0,0
352,文,不朽的艺术：走进大师与经典,艺术主要表现在哪些方面,艺术主要表现在三个方面:1.造型艺术:绘画、雕塑、建筑艺术等;2.实用艺术:工艺美术、建筑艺术等;3.表演艺术:音乐、舞蹈、戏剧、曲艺等。,2,2,2,2,2,2
353,社,体育与社会,体育不好怎么提高？,"这门课有配套的学习资源,你可以使用课程资源中的“智能导学”功能,了解课程大纲、学习路径、学习重点、学习难点等,帮助你快速入门。",0,0,1,1,0,0
354,社,体育与社会,体育和成绩有关吗？,"这门课有配套的学习资源,你可以使用课程资源中的“智能导学”功能,了解课程大纲、学习路径、学习重点、学习难点等,帮助你快速入门。",0,0,1,1,0,0
355,社,体育与社会,体育计入综测有什么意义？,"这门课有配套的学习资源,你可以使用课程资源中的“智能导学”功能,了解课程大纲、学习路径、学习重点、学习难点等,帮助你快速入门。",0,0,1,1,1,0
356,社,体育与社会,体育和社会有什么联系？,"这门课有配套的学习资源,你可以使用课程资源中的“智能导学”功能,了解课程大纲、学习路径、学习重点、学习难点等,帮助你快速入门。",0,0,1,1,1,0
357,社,体育与社会,体育天赋是天生的吗？,"这门课有配套的学习资源,你可以使用课程资源中的“智能导学”功能,了解课程大纲、学习路径、学习重点、学习难点等,帮助你快速入门。",0,0,1,1,1,0
358,文,不朽的艺术：走进大师与经典,建筑艺术既是造型艺术又是实用艺术呀,"是的,建筑艺术是造型艺术和实用艺术的结合。",2,2,2,2,2,2
359,社,体育与社会,体育项目有哪些？,,0,0,0,0,0,0
360,文,不朽的艺术：走进大师与经典,那要怎么区分呢,"造型艺术是艺术家运用一定的物质材料,塑造可视的平面或立体形象的艺术。如绘画、雕塑、工艺美术、建筑艺术等。实用艺术是艺术家运用一定的物质材料,创造具有一定实用价值,审美价值,并符合一定社会使用要求的艺术。如工艺美术、建筑艺术等。表演艺术是艺术家运用一定的物质材料,创造具有一定审美价值,并符合一定社会审美要求的艺术。如音乐、舞蹈、戏剧、曲艺等。",0,0,2,2,1,1
361,社,体育与社会,篮球适合女生吗？,"篮球是一项适合所有人群的运动,但女生在运动时要注意保护自己,避免受伤。",2,2,2,2,2,2
362,社,体育与社会,打篮球可以长高吗？,"打篮球可以锻炼下肢力量,促进骨骼发育,对长高有一定帮助。",2,1,2,2,1,1
363,文,不朽的艺术：走进大师与经典,演戏属于表演艺术吗,"是的,演戏属于表演艺术。",2,1,2,2,1,1
364,社,体育与社会,搞个适合做后卫吗？,"后卫是球场上跑动最多的位置,需要良好的控球能力、传球能力和大局观,因此后卫是球场上最累的。",0,0,2,2,1,1
365,社,体育与社会,篮球规则主要有哪些？,,0,0,0,0,0,0
366,社,体育与社会,橄榄球好玩吗？,"橄榄球是一项非常刺激的运动,但运动过程中要注意保护自己,避免受伤。",1,1,2,2,2,1
367,文,不朽的艺术：走进大师与经典,那就是演戏也属于艺术这一块了,"是的,演戏也属于艺术这一块。",2,1,2,2,1,1
368,社,体育与社会,橄榄球是体育项目吗？,"是的,橄榄球是体育项目。",2,2,2,2,2,2
369,文,不朽的艺术：走进大师与经典,近代中国的知名画家有哪些,,0,0,0,0,0,0
370,社,体育与社会,国内橄榄球项目怎么样？,"国内橄榄球项目发展比较缓慢,但近几年发展较快。",2,2,2,2,2,1
371,社,体育与社会,对抗性的项目有危险吗？,"对抗性的项目有危险,但危险程度因人而异。",2,2,2,2,2,1
372,社,体育与社会,铅球有多重？,,0,0,0,0,0,0
373,社,体育与社会,扔铅球能锻炼手臂吗？,"可以,但效果不如俯卧撑。",2,1,2,2,1,1
374,文,不朽的艺术：走进大师与经典,艺术范围太大了，插手也是其中一种吗,"艺术创造力,是艺术创造能力,是艺术创造活动的主体在艺术创造活动中表现出来的能力。",2,2,2,2,2,1
375,社,体育与社会,肌肉酸痛怎么治疗？,肌肉酸痛可以通过按摩、热敷、拉伸、冰敷等方法缓解。,2,2,2,2,2,1
376,社,体育与社会,仰卧起坐能做多少个？,"仰卧起坐是锻炼腹部肌肉的一种运动方式,主要锻炼腹直肌、腹外斜肌、腹内斜肌和腹横肌。",1,1,2,2,1,1
377,文,不朽的艺术：走进大师与经典,插花是不是也属于艺术的一种,"艺术创造力,是艺术创造能力,是艺术创造活动的主体在艺术创造活动中表现出来的能力。",0,0,2,2,1,1
378,社,体育与社会,奥运会多久举办一次？,"奥运会每四年举办一次,奥运会是国际奥林匹克委员会主办的世界规模最大的综合性运动会,每四年一届,会期不超过16日,是世界上影响力最大的体育盛会。",2,2,2,2,2,2
379,社,体育与社会,能参加奥运会荣幸吗？,"荣幸,奥运会是运动员展示自我、超越自我、实现梦想的舞台,是运动员竞技水平、运动能力、心理调节能力、临场应变能力、团队协作能力的综合体现。",2,2,2,2,2,1
380,社,体育与社会,奥运会会推迟吗？,"奥运会会推迟,奥运会是国际奥林匹克委员会主办的世界规模最大的综合性运动会,每四年一届,会期不超过16日,是世界上影响力最大的体育盛会。",1,1,2,2,1,1
381,社,体育与社会,运动员生涯有多久？,"运动员生涯有多久,运动员的职业生涯一般从15岁左右开始,到35岁左右结束。",2,2,2,2,2,2
382,文,不朽的艺术：走进大师与经典,在讲述全球化与消费主义时，提到了哪部电影,"艺术创造力,是艺术创造能力,是艺术创造活动的主体在艺术创造活动中表现出来的能力。",0,0,2,2,1,1
383,社,体育与社会,运动员容易受伤吗？,"运动员容易受伤,运动员在训练和比赛中,由于运动负荷大,运动技术复杂,身体接触频繁,因此,运动员容易受伤。",2,2,2,2,2,2
384,社,体育与社会,运动员伙食怎么样？,,0,0,0,0,0,0
385,文,不朽的艺术：走进大师与经典,竹林七贤指的是哪七个人,"艺术创造力,是艺术创造能力,是艺术创造活动的主体在艺术创造活动中表现出来的能力。",0,0,1,1,0,0
386,社,体育与社会,为何中国足球不怎么样？,,0,0,0,0,0,0
387,社,体育与社会,女足球厉害不？,"中国女足在1991年和1999年两次获得世界杯亚军,1996年亚特兰大奥运会上获得亚军,2000年悉尼奥运会上获得第四名,2001年女足世界杯上获得亚军,2002年女足世界杯上获得亚军,2004年雅典奥运会上获得亚军,2007年女足世界杯上获得亚军,2008年北京奥运会上获得亚军。",0,0,1,1,0,0
388,文,不朽的艺术：走进大师与经典,顾恺之的三绝是哪三绝,"艺术创造力,是艺术创造能力,是艺术创造活动的主体在艺术创造活动中表现出来的能力。",0,0,1,1,0,0
389,社,体育与社会,为何很少人看女足？,"女足比赛观赏性不强,而且女足比赛转播的场次也少,所以关注的人不多。",2,2,2,2,2,2
390,文,不朽的艺术：走进大师与经典,艺术创造力表现在哪些方面,"艺术创造力,是艺术创造能力,是艺术创造活动的主体在艺术创造活动中表现出来的能力。",2,1,2,2,1,1
391,社,体育与社会,女足队员有？,,0,0,0,0,0,0
392,社,体育与社会,老人运动频率多久一次好？,"老人运动频率一周3-5次比较好,每次运动时间控制在30-60分钟。",2,2,2,2,2,2
393,理,算法设计与分析,老人运动频率多久一次好？,"老人运动频率最好为每周3-5次,每次30-60分钟。",2,2,2,2,2,2
394,理,算法设计与分析,高速算法有哪些？,,0,0,0,0,0,0
395,理,算法设计与分析,高速算法有哪些？,,0,0,0,0,0,0
396,社,思想道德修养与法律基础,思想道德修养与法律基础简称？,思想道德修养与法律基础简称思法基础。,2,1,2,2,1,1
397,社,思想道德修养与法律基础,思想道德修养主要有什么？,,0,0,0,0,0,0
398,社,思想道德修养与法律基础,人没素质有救吗？,"有救,只要好好学习思法基础,提高思想道德修养,做一个有素质的人。",2,2,2,2,2,2
399,社,思想道德修养与法律基础,如何提高人的素质？,"好好学习思法基础,提高思想道德修养,做一个有素质的人。",2,1,2,2,1,1
400,社,思想道德修养与法律基础,遇到没素质的人，怎么处理？,"好好学习思法基础,提高思想道德修养,做一个有素质的人。",0,0,2,2,0,0
401,社,思想道德修养与法律基础,普通人学法必要？,"当然必要,法律是维护社会公平正义的最后一道防线,是保护公民合法权益的最后一道屏障。",2,2,2,2,2,2
402,社,思想道德修养与法律基础,守法公民怎么样？,"小木为你推荐“法律人”小程序,里面有法律人专属的“背多分”小程序,可以随时随地背知识点,还可以打卡哦～",0,0,1,1,0,0
403,社,思想道德修养与法律基础,婚姻法改了吗？,"小木为你推荐“法律人”小程序,里面有法律人专属的“背多分”小程序,可以随时随地背知识点,还可以打卡哦～",0,0,1,1,1,0
404,社,思想道德修养与法律基础,婚前财产有必要公证吗？,"小木为你推荐“法律人”小程序,里面有法律人专属的“背多分”小程序,可以随时随地背知识点,还可以打卡哦～",0,0,1,1,0,0
405,社,思想道德修养与法律基础,如何防止别人钻法律空子？,"小木为你推荐“法律人”小程序,里面有法律人专属的“背多分”小程序,可以随时随地背知识点,还可以打卡哦～",0,0,1,1,0,1
406,社,思想道德修养与法律基础,思想道德修养与法律基础是必修课吗？,"小木为你推荐“法律人”小程序,里面有法律人专属的“背多分”小程序,可以随时随地背知识点,还可以打卡哦～",0,0,1,1,0,0
407,社,思想道德修养与法律基础,思想道德修养与法律基础是什么时候开设的？,"小木为你推荐“法律人”小程序,里面有法律人专属的“背多分”小程序,可以随时随地背知识点,还可以打卡哦～",0,0,1,1,1,0
408,社,思想道德修养与法律基础,正外部性是指？,"正外部性是指由于经济主体的行为使其他经济主体受益或受损,而经济主体本身并不从中受益或受损的经济现象。",2,2,2,2,2,1
409,社,思想道德修养与法律基础,学雷锋行为怎么样？,"学雷锋行为是社会主义道德建设的重要体现,是培育和践行社会主义核心价值观的生动实践。",2,2,2,2,2,1
410,社,思想道德修养与法律基础,社会主义核心价值观是？,"社会主义核心价值观是社会主义核心价值体系的内核,体现社会主义核心价值体系的根本性质和基本特征,反映社会主义核心价值体系的丰富内涵和实践要求,是社会主义核心价值体系的高度凝练和集中表达。",2,2,2,2,2,2
411,社,思想道德修养与法律基础,为何社会越发达，工作反而越忙？,"社会越发达,分工越细,工作越复杂,人们需要投入的时间和精力就越多。",2,1,2,2,1,1
412,社,思想道德修养与法律基础,富强民主和谐是什么？,富强民主和谐是社会主义现代化国家在发展基础上确立的、反映人民共同意愿的、体现社会主义本质要求的国家基本价值目标。,2,2,2,2,2,2
413,社,思想道德修养与法律基础,社会越发达，分工越细？,"社会越发达,分工越细,工作越复杂,人们需要投入的时间和精力就越多。",2,1,2,2,1,1
414,社,思想道德修养与法律基础,如何实现财富暴涨？,实现财富暴涨需要满足两个条件:1.拥有足够的资本;2.拥有足够的人脉。,2,2,2,2,2,1
415,社,思想道德修养与法律基础,诚信有多重要？,"诚信是一切价值的根基,是一切道德的基础,是做人的根本。",2,2,2,2,2,1
416,社,思想道德修养与法律基础,资本和人脉哪个重要？,"资本和人脉都很重要,但两者相比,人脉更重要。",2,2,2,2,2,2
417,社,思想道德修养与法律基础,没有资本和人脉该怎么办？,"没有资本和人脉,那就去创造资本和人脉。",2,1,2,2,1,1
418,社,思想道德修养与法律基础,寒门还能出贵子吗？,"寒门出贵子,需要满足两个条件:1.拥有足够的资本;2.拥有足够的人脉。",2,2,2,1,2,1
419,社,思想道德修养与法律基础,读书是唯一出路吗？,"读书不是唯一的出路,但读书是通向成功最快的捷径。",2,2,2,2,2,1
420,社,思想道德修养与法律基础,读书能挣钱吗？,,0,0,0,0,0,0
421,社,思想道德修养与法律基础,读书读到30岁有什么意义？,,0,0,0,0,0,0
422,社,思想道德修养与法律基础,出国是好出路吗,"出国是好出路,但出国不是唯一的出路。",2,1,2,2,1,1
423,社,思想道德修养与法律基础,理想和信念如何统一？,"理想是信念的集中体现,信念是理想的具体体现。",2,2,2,2,2,2
424,社,思想道德修养与法律基础,要坚定自己的梦想吗？,"要坚定自己的梦想,但也要脚踏实地。",2,2,2,2,2,1
425,社,思想道德修养与法律基础,如何脚踏实地？,"脚踏实地,就是干一行爱一行,干一行专一行,干一行精一行。",2,1,2,2,1,1
426,工,数据结构（上）,数据有结构,"数据结构是计算机专业的核心课程,主要研究数据在计算机中的表示、存储、组织、运算、操作、处理、控制等问题。",2,2,2,2,2,2
427,工,数据结构（上）,数据结构有哪些类型？,数据结构分为线性结构、非线性结构和树形结构。,2,1,2,2,1,1
428,工,数据结构（上）,线性结构有哪些？,线性结构包括顺序存储结构和链式存储结构。,2,2,2,1,2,1
429,工,数据结构（上）,非线性结构呢？,非线性结构包括数组、哈希表、堆栈、队列、树形结构。,2,2,2,2,2,1
430,工,数据结构（上）,线性和非线性的区别？,,0,0,0,0,0,0
431,工,数据结构（上）,树形结构有哪些？,,0,0,0,0,0,0
432,工,数据结构（上）,决策树是？,决策树是用于分类的机器学习算法。,2,1,2,2,1,1
433,工,数据结构（上）,如何学好数据结构？,"数据结构是计算机专业的基础课程,学好数据结构对以后的学习很有帮助。",0,0,2,2,0,0
434,工,数据结构（上）,数据结构和程序有关吗？,"数据结构是程序的基础,程序是数据结构的具体实现。",2,2,2,2,2,1
435,工,数据结构（上）,数据结构是工科吗？,"数据结构是计算机专业的一门基础课程,属于工科。",2,1,2,2,1,1
436,工,数据结构（上）,数据结构和软件工程的联系？,"数据结构是软件工程的基础,软件工程是数据结构的具体实现。",2,2,2,2,2,2
437,工,数据结构（上）,数据结构主要章节？,数据结构主要章节有:绪论、线性表、栈和队列、串、数组和广义表、树和二叉树、图、查找、排序。,2,2,2,2,2,1
438,工,数据结构（上）,数据有哪些类型？,数据分为数值型、字符型、逻辑型、日期型、时间型、对象型。,2,1,2,2,1,1
439,工,数据结构（上）,队列是？,"队列是计算机中一种常用的数据结构,它是指一组数据元素按照某种顺序排列,每个数据元素都可以被访问,但访问的顺序是任意的。",2,2,2,2,2,2
440,工,数据结构（上）,字符型数据有哪些特点？,"字符型数据的特点是:1.数据长度固定,长度为1～64个字符;2.数据类型为字符型;3.数据类型为字符型的数据,其值只能是字符,不能是数字。",2,2,2,2,2,1
441,工,数据结构（上）,队列的访问为何是任意的？,"队列的访问是任意的,是指队列中的数据元素可以按任意顺序访问,访问的顺序是任意的。",2,1,2,2,1,1
442,工,数据结构（上）,数据长度是？,数据长度是指数据元素中字符的个数。,2,2,2,2,2,2
443,工,数据结构（上）,布尔型是什么？,"布尔型是计算机中一种数据类型,它表示一个布尔值,布尔值只有两个值:true和false。",2,2,2,2,2,1
444,工,数据结构（上）,布尔型是什么二进制如何转十进制？,"布尔型是逻辑型数据,二进制转十进制,就是将二进制数转化为十进制数。",1,1,2,2,1,1
445,工,数据结构（上）,十进制转八进制呢？,"十进制转八进制,就是将十进制数转化为八进制数。",1,2,2,2,1,2
446,工,数据结构（上）,计算机语言是什么语言？,"计算机语言是计算机能够识别的语言,计算机语言分为机器语言、汇编语言、高级语言。",2,2,2,2,2,2
447,工,数据结构（上）,如何学好计算机语言？,"学好计算机语言,需要掌握计算机语言的基本语法,了解计算机语言的基本结构,熟悉计算机语言的基本算法。",2,2,2,2,2,1
448,工,数据结构（上）,汇编语言低级吗？,"汇编语言是低级语言,高级语言是高级语言。",1,1,2,2,1,2
449,工,数据结构（上）,高级语言有哪些？,,0,0,0,0,0,0
450,工,数据结构（上）,机器人如何生成对话？,,0,0,0,0,0,0
451,工,数据结构（上）,如何课前预习？,"点击课程页面的“预习”按钮,即可查看预习资料。",1,1,2,2,1,1
452,工,数据结构（上）,课前预习对巩固知识有帮助吗？,"课前预习有助于了解课程知识点,课上听讲时,可以更有针对性地听讲,提高课堂效率。",2,2,2,2,2,2
453,工,数据结构（上）,课后要复习吗？,"课后复习有助于巩固知识点,加深理解。",2,1,2,2,1,1
454,工,数据结构（上）,课后如何进行复习？,"点击课程页面的“复习”按钮,即可查看复习资料。",2,1,2,2,1,1
455,工,数据结构（上）,数据结构要背诵吗？,"数据结构是计算机专业的基础课程,需要背诵。",2,2,2,2,2,2
456,社,经济学原理,需求量与价格之所以成反方向变化，是因为什么？,"因为价格越高,需求量越小。",2,1,2,2,1,1
457,社,经济学原理,市场需求曲线是怎样得出的？,市场需求曲线是市场需求与价格关系的曲线。,1,1,2,2,1,1
458,社,经济学原理,经济学中的低档商品是指什么？,低档商品是指那些价格较低、需求量较大的商品。,2,2,2,2,2,2
459,社,经济学原理,稀缺性的含义是？,稀缺性是指资源的数量是有限的。,2,1,2,2,1,1
460,社,经济学原理,经济物品是指什么？,经济物品是指那些具有稀缺性的物品。,2,2,2,2,2,1
461,社,经济学原理,选择具有重要性，基本上是因为什么？,"选择具有重要性,基本上是因为人们面临多种选择。",2,2,2,2,2,2
462,社,经济学原理,经济学研究得基本问题是？,资源配置问题,2,1,2,2,1,1
463,社,经济学原理,机会成本,是指为了得到某种东西而要放弃另一些东西的最大价值,2,2,2,2,2,1
464,社,经济学原理,生产可能性曲线说明的基本原理是？,生产可能性曲线说明的是生产要素的供给和需求决定商品生产可能性边界,1,1,2,2,1,1
465,社,经济学原理,微观经济学,"研究的是单个经济单位的经济行为,包括单个生产者、单个消费者以及单个市场的经济行为",1,1,2,2,1,1
466,社,经济学原理,预算,预算是政府或企业为达到某一特定目的而编制的收支计划,2,2,2,2,2,2
467,社,经济学原理,预算线的位置和斜率取决于什么？,取决于预算线与收入线、支出线的距离和斜率,2,1,2,2,1,1
468,社,经济学原理,消费品价格变化时，,"消费品价格变化时,消费者剩余会发生变化。",2,2,2,2,2,1
469,社,经济学原理,消费品价格变化时，链接消费者诸均衡点的线称为什么？,消费者均衡线。,2,1,2,2,2,1
470,社,经济学原理,恩格尔曲线,恩格尔曲线是表示收入和食品支出之间关系的曲线。,2,2,2,2,2,2
471,社,经济学原理,恩格尔曲线是从哪里导出的？,从消费函数中导出的。,2,1,2,2,1,1
472,社,经济学原理,等成本线平行往外移动表明了什么？,表明成本增加。,2,1,2,2,1,1
473,社,经济学原理,规模报酬递减会在什么情况下发生？,"当规模报酬递减发生在固定成本不变的情况下,即固定成本不变,产量增加,边际成本下降,则规模报酬递减。",2,2,2,2,2,2
474,社,经济学原理,使用自有资金也应计算利息收入，这种利息从成本角度看是什么成本？,"使用自有资金也应计算利息收入,这种利息从成本角度看是机会成本。",2,2,2,2,2,1
475,社,经济学原理,不随产量变动而变动的成本称为？,不随产量变动而变动的成本称为固定成本。,1,1,2,2,1,1
476,社,经济学原理,MC是由什么得到的？,MC是由边际成本得到的。,2,1,2,2,1,1
477,社,经济学原理,如果边际成本先下降后上升，那么总成本会怎么样？,"如果边际成本先下降后上升,那么总成本会先下降后上升。",2,2,2,2,2,2
478,社,经济学原理,如果劳动是唯一的可变投入，而且劳动的边际报酬递减，边际成本曲线怎么样变化？,"如果劳动是唯一的可变投入,而且劳动的边际报酬递减,边际成本曲线先下降后上升。",2,2,2,2,2,1
479,社,经济学原理,长期总成本曲线是各种产量的什么轨迹？,长期总成本曲线是各种产量的边际成本曲线的轨迹。,2,1,2,2,1,1
480,社,经济学原理,如果一个企业经历规模报酬不变阶段，则LAC曲线是,LAC曲线是表示企业规模报酬变化规律的一条曲线。,2,2,2,1,2,2
481,社,经济学原理,劳动的边际产量和产量的边际成本的关系是？,劳动的边际产量等于产量的边际成本。,2,2,2,2,2,2
482,社,经济学原理,完全竞争市场,完全竞争市场是指市场上所有厂商的供给曲线和需求曲线都相交于同一点的市场。,2,2,2,1,2,2
483,社,经济学原理,完全竞争市场的特点是？,完全竞争市场的特点是:(1)市场出清;(2)完全竞争厂商的供给曲线和需求曲线都相交于同一点;(3)厂商的边际成本等于边际收益。,2,2,2,2,2,2
484,社,经济学原理,完全竞争市场中的厂商总收益曲线的斜率为？,完全竞争市场中的厂商总收益曲线的斜率为0。,2,2,2,1,2,2
485,社,经济学原理,完全竞争市场的厂商短期供给曲线是指哪部分曲线？,完全竞争市场的厂商短期供给曲线是指厂商短期供给曲线的最低点。,2,1,2,2,1,1
486,文,中国近现代史纲要,标志世界历史开始进入资本主义时代的是？,"16世纪中期,葡萄牙、西班牙、荷兰、英国相继开始进行海外殖民扩张,世界历史从此进入资本主义时代。",2,2,2,1,2,2
487,文,中国近现代史纲要,近代中国的基本国情是？,半殖民地半封建社会,2,2,2,2,2,2
488,文,中国近现代史纲要,中国近代史的起点是？,1840年,2,2,2,1,2,2
489,文,中国近现代史纲要,中国近代最主要的矛盾是？,帝国主义和中华民族的矛盾,2,1,2,2,1,1
490,文,中国近现代史纲要,鸦片战争,"1840年6月,英国发动了侵略中国的鸦片战争,这是中国近代史的开端。",2,2,2,2,2,2
491,文,中国近现代史纲要,鸦片战争后，中国出现的新阶级有哪些,民族资产阶级、农民阶级、无产阶级,2,2,2,1,2,2
492,文,中国近现代史纲要,最早在上海设立租界的国家是？,英国,2,1,2,2,1,1
493,文,中国近现代史纲要,清政府颁布了什么意味着预备立宪的开始？,《钦定宪法大纲》,2,2,2,1,2,2
494,文,中国近现代史纲要,1894年，孙中山组建了什么革命团体？,兴中会,2,2,2,2,2,1
495,文,中国近现代史纲要,兴中会是在哪里组建的？,香港,2,1,2,2,1,1
496,文,中国近现代史纲要,辛亥革命,"1911年10月10日,武昌起义爆发,各省纷纷响应,辛亥革命爆发。",2,2,2,2,2,2
497,文,中国近现代史纲要,辛亥革命的导火索是？,清政府的腐败,2,2,2,2,2,2
498,文,中国近现代史纲要,第一次世界大战开始的时间,1914年,2,2,2,1,2,2
499,文,中国近现代史纲要,第一次世界大战的影响,"一战是帝国主义重新瓜分世界和争夺霸权的决战,是世界史上一次最大规模的战争,是世界现代史的开端。",2,1,2,2,1,1
500,文,中国近现代史纲要,标志着第二次世界大战全面开始的事件是？,"1939年9月1日,德国军队闪击波兰,第二次世界大战全面爆发。",2,2,2,2,2,2
501,文,中国近现代史纲要,什么是新文化运动,"新文化运动是1915年12月16日,陈独秀在上海创办的《青年杂志》(后改名《新青年》)创刊,标志着新文化运动开始。",2,2,2,2,2,1
502,文,中国近现代史纲要,五四运动是哪一年？,1919年,2,1,2,2,1,1
503,文,中国近现代史纲要,五四运动的代表性人物是？,,0,0,0,0,0,0
504,文,中国近现代史纲要,五四运动的特点是？,"五四运动是一次彻底的反帝反封建的爱国运动,也是中国新民主主义革命的开始。",2,2,2,1,2,2
505,文,中国近现代史纲要,在中国第一个翻译《中国共产党宣言》,"是陈望道,他翻译的《共产党宣言》第一个中文全译本,于1920年在上海出版。",2,2,2,2,2,2
506,文,中国近现代史纲要,中国共产党第一次全国代表大会,"1921年7月23日,中国共产党第一次全国代表大会在上海召开。",2,1,2,1,1,1
507,文,中国近现代史纲要,中国共产党第一次全国代表大会选举出的中央局成员有哪些？,陈独秀、李汉俊、张国焘、刘仁静。,2,1,2,2,1,1
508,文,中国近现代史纲要,第一个农民协会是哪年创建的？,"1921年7月,中国共产党创建的第一个农民协会在湖南浏阳成立。",2,2,2,1,2,2
509,文,中国近现代史纲要,第一个农民协会是在哪里创建的？,湖南浏阳。,2,2,2,2,2,2
510,文,中国近现代史纲要,新三民主义的三大革命政策是？,新三民主义的三大革命政策是:,2,1,2,2,1,1
511,文,中国近现代史纲要,全国范围大革命高潮的起点是？,全国范围大革命高潮的起点是:,2,2,2,2,2,2
512,文,中国近现代史纲要,打响了反抗国民党反动派的第一枪是哪一年？,打响了反抗国民党反动派的第一枪是哪一年:,2,2,2,1,2,2
513,文,中国近现代史纲要,打响了武装反抗国民党反动派的第一枪是,打响了武装反抗国民党反动派的第一枪是:,2,2,2,2,2,2
514,文,中国近现代史纲要,打响了武装反抗国民党反动派的第一枪是什么起义,打响了武装反抗国民党反动派的第一枪是什么起义:,2,1,1,2,1,1
515,文,中国近现代史纲要,《中国土地法大纲》规定的土地政策有哪些？,《中国土地法大纲》规定的土地政策有哪些:,0,0,1,1,1,1
516,工,软件工程,学习软件工程需要会编程吗？,"学习软件工程不需要会编程,但是会编程对学习软件工程有很大帮助。",2,2,2,2,2,1
517,工,软件工程,这门课有哪些重点内容？,"本课程主要介绍软件工程的基本概念、基本原理、基本方法、基本技术,以及软件工程的应用领域。",2,2,2,2,2,2
518,工,软件工程,软件工程是计算机专业必修课程吗？,"软件工程是计算机专业必修课程,是计算机专业的核心课程之一。",2,1,2,2,1,1
519,工,软件工程,这门课会教如何编程吗？,"这门课会教如何编程,但是不会教具体的编程语言,而是介绍编程思想、编程方法、编程技巧等。",2,2,2,1,2,2
520,其,现代生活美学——插花之道,你好,,0,0,0,0,0,0
521,工,软件工程,学习软件工程有哪些好处？,"学习软件工程可以培养良好的编程习惯,提高编程效率,培养软件工程意识,提高软件工程素养。",2,1,2,2,1,1
522,其,现代生活美学——插花之道,什么是现代生活美学,,0,0,0,0,0,0
523,工,软件工程,文科生也可以学习软件工程吗？,,0,0,0,0,0,0
524,理,大学物理1,什么是现代生活美学,"现代生活美学是研究现代生活美学的学科,是美学的分支学科。",2,2,2,1,2,1
525,理,大学物理1,什么是现代生活美学,"现代生活美学是研究现代生活美学的学科,是美学的分支学科。",2,2,2,2,2,2
526,工,软件工程,计算机语言有哪几种？,,0,0,0,0,0,0
527,其,现代生活美学——插花之道,什么是现代生活美学,,0,0,0,0,0,0
528,工,软件工程,软件工程涉及程序开发吗？,"软件工程涉及程序开发,但主要是做软件的架构设计、开发、测试、维护等。",2,2,2,2,2,1
529,工,软件工程,程序架构设计有哪些步骤？,程序架构设计包括需求分析、概要设计、详细设计、编码、测试、维护等步骤。,2,2,2,2,2,1
530,其,现代生活美学——插花之道,怎么才能学好插画呢,,0,0,0,0,0,0
531,工,软件工程,编码就是具体写程序吗？,"编码就是具体写程序,但编码只是程序开发的一部分。",2,2,2,1,2,2
532,工,软件工程,如何进行软件测试？,软件测试包括功能测试、性能测试、压力测试、安全测试、兼容性测试、用户界面测试、文档测试、回归测试等。,2,1,2,2,1,1
533,工,软件工程,压力测试主要内容有哪些？,压力测试主要内容包括压力测试环境准备、压力测试工具选择、压力测试方法选择、压力测试结果分析等。,2,2,2,2,2,1
534,工,软件工程,机器语言和高级语言有什么区别？,"机器语言是计算机直接执行的语言,高级语言是计算机能直接识别的语言。",2,2,2,2,2,2
535,工,软件工程,C语言是高级语言吗？,"C语言是高级语言,C语言是面向过程的,而python是面向对象的。",2,2,2,1,2,2
536,工,软件工程,面向对象具体含义是什么？,"面向对象是计算机编程的一种思想,它把程序和数据封装成对象,每个对象都有自己特有的属性和方法。",2,1,1,2,2,1
537,工,软件工程,对象和类有什么关系？,"对象是类的实例,类是对象的抽象。",2,2,2,2,2,2
538,其,现代生活美学——插花之道,现代生活美学和过去有什么区别,"现代生活美学是生活美学的当代形态,它以当代生活为对象,以当代生活为审美对象,以当代生活为审美内容,以当代生活为审美方式,以当代生活为审美目的。",2,2,2,1,2,2
539,工,软件工程,软件工程核心思想是不是面向对象？,"是的,软件工程的核心思想是面向对象。",2,2,2,2,2,2
540,其,现代生活美学——插花之道,插画是如何和美学联系起来的,"插画是美学的一种表现形式,插画师通过插画作品来传达美学思想,插画作品是插画师思想的载体。",2,2,2,2,2,2
541,工,软件工程,为什么不是面向过程？,"面向过程的思想是面向过程语言(如C语言)的编程思想,面向过程语言的特点是:1.面向过程,2.过程式编程,3.结构化编程。",2,1,1,2,2,2
542,工,软件工程,面向对象和面向过程有什么区别？,,0,0,0,0,0,0
543,其,现代生活美学——插花之道,有名的插画师有哪些,,0,0,0,0,0,0
544,工,软件工程,软件工程是不是主要内容就是编程？,"不是的,软件工程的主要内容包括:需求分析、软件设计、软件测试、软件维护。",2,2,2,2,2,2
545,其,现代生活美学——插花之道,有名的插画作品有哪些,,0,0,0,0,0,0
546,其,现代生活美学——插花之道,什么才能称之为美学,"美学是研究美的本质及其意义的学科,是哲学的分支学科。",2,2,2,2,2,1
547,工,软件工程,不会编程是不是学习会有困难？,"不会编程,学习软件工程会有困难,但是,学习软件工程,编程只是其中一部分,编程只是软件工程中的一部分。",2,2,2,1,2,1
548,其,现代生活美学——插花之道,美学之父是谁,亚里士多德,2,1,2,2,1,1
549,工,软件工程,软件工程是不是主要学习设计软件？,"软件工程是计算机科学的一个分支,主要研究软件的开发、运行、维护等。",2,2,2,2,2,2
550,其,现代生活美学——插花之道,美学之母是谁,康德,2,1,2,2,2,1
551,工,软件工程,软件开发有哪些步骤？,软件开发一般包括需求分析、设计、编码、测试、维护等阶段。,2,2,2,2,2,2
552,其,现代生活美学——插花之道,他们什么关系,"亚里士多德是康德的老师,康德是亚里士多德的学生。",2,2,2,1,2,1
553,工,软件工程,软件设计主要包括哪些内容？,软件设计主要包括需求分析、概要设计、详细设计、编码、测试、维护等。,2,2,2,2,2,2
554,工,软件工程,概要设计主要设计哪些方面？,概要设计主要设计软件的总体结构、模块划分、主要算法、数据结构、主要界面等。,2,2,2,1,2,2
555,工,软件工程,软件数据结构有哪几类？,软件数据结构有数据类型、数据结构、数据操作、数据存储、数据共享、数据安全等。,2,1,2,2,1,1
556,工,软件工程,数据安全如何保障？,数据安全主要包括数据保密、数据完整性、数据可用性、数据保密性、数据完整性、数据可用性等。,2,2,2,2,2,2
557,工,软件工程,编程用机器语言还是高级语言？,"编程语言分为机器语言和高级语言。机器语言是计算机直接执行的语言,高级语言是程序员使用的语言。",2,1,2,2,1,1
558,工,软件工程,如何学习高级语言？,"学习高级语言,需要先学习计算机的基础知识,如计算机组成原理、操作系统、计算机网络等。",2,2,2,1,2,1
559,工,软件工程,Python和C语言区别在哪里？,"C语言是面向过程的,而Python是面向对象的。",2,2,2,2,2,2
560,工,软件工程,具体有些哪些应用场景？,,0,0,0,0,0,0
561,工,软件工程,编写代码主要使用什么语言？,,0,0,0,0,0,0
562,工,软件工程,如何检验代码正确性？,"使用Python自带的unittest模块,可以很方便的进行单元测试。",2,2,2,2,2,1
563,工,软件工程,软件设计步骤是什么？,软件设计步骤包括需求分析、概要设计、详细设计、编码、测试、维护。,2,1,2,1,1,1
564,其,现代生活美学——插花之道,什么是插画,,0,0,0,0,0,0
565,工,软件工程,需求分析报告有没有格式要求？,"需求分析报告没有固定的格式要求,一般包括需求分析的目的、需求分析的依据、需求分析的范围、需求分析的方法、需求分析的结果、需求分析的结论等内容。",2,2,2,2,2,2
566,工,软件工程,确定需求后如何开始设计软件？,"确定需求后,需要根据需求分析的结果,进行概要设计,概要设计包括确定系统的功能、模块划分、模块间接口、模块设计、模块实现、模块测试等内容。",2,1,2,2,1,1
567,其,现代生活美学——插花之道,插画之父是谁,,0,0,0,0,0,0
568,工,软件工程,模块测试是测试,模块测试是测试,0,0,1,1,1,1
569,其,现代生活美学——插花之道,什么是现代美学,,0,0,0,0,0,0
570,工,软件工程,模块测试是先总体后分模块吗,模块测试是先总体后分模块,1,1,2,2,2,1
571,其,现代生活美学——插花之道,现代美学和原来的区别,,0,0,0,0,0,0
572,工,软件工程,软件维护需要注意什么？,,0,0,0,0,0,0
573,工,软件工程,如何解决bug？,"bug是程序运行过程中出现的异常情况,是程序运行过程中出现的异常情况。",0,0,1,1,1,1
574,工,软件工程,如何识别bug？,"bug是程序运行过程中出现的异常情况,是程序运行过程中出现的异常情况。",0,0,1,1,1,1
575,其,现代生活美学——插花之道,什么才能称之为美学,,0,0,0,0,0,0
576,工,软件工程,面向用户的含义是什么？,"面向用户的含义是面向用户,面向用户,面向用户。",1,1,2,2,2,1
577,其,现代生活美学——插花之道,插画的规则,,0,0,0,0,0,0
578,工,软件工程,编程语言会迭代升级吗,"会的,编程语言会迭代升级,编程语言会迭代升级,编程语言会迭代升级。",2,2,2,1,2,2
579,其,现代生活美学——插花之道,生活中的一切都能称之为美学么,"不能,美学是研究美的本质及其意义的学科。",2,2,2,2,2,2
580,工,软件工程,最新的软件开发技术有哪些？,最新的软件开发技术有最新的软件开发技术有最新的软件开发技术有最新的软件开发技术。,2,1,2,2,1,1
581,工,软件工程,软件是不是计算机的核心？,"是的,软件是计算机的核心,软件是计算机的核心,软件是计算机的核心。",2,2,2,2,2,1
582,其,现代生活美学——插花之道,生活中的一切都能称之为美学么,"不能,美学是研究美的本质及其意义的学科。",2,2,2,1,2,1
583,其,现代生活美学——插花之道,美的本质是什么,"美的本质是客观事物的一种特殊属性,即审美属性。",2,2,2,2,2,2
584,其,现代生活美学——插花之道,研究美的意义,,0,0,0,0,0,0
585,其,现代生活美学——插花之道,什么样的客观事物具有美的属性,"具有审美属性的客观事物,即审美对象。",2,2,2,1,2,1
586,其,现代生活美学——插花之道,美学是怎么和插画联系在一起的,"美学与插画的联系,在于美学研究的对象是审美对象,而插画是审美对象的一种表现形式。",2,1,2,2,2,1
587,其,现代生活美学——插花之道,插画的方法,"插画的方法,即插画的表现形式。",2,2,2,2,2,2
588,其,现代生活美学——插花之道,插画的代表人物有哪些,,0,0,0,0,0,0
589,其,现代生活美学——插花之道,怎么才能学好这门学科,"学好这门学科,需要掌握美学的基础知识,了解美学的发展历史,掌握美学的研究方法,了解美学的应用领域。",2,2,2,2,2,1
590,其,现代生活美学——插花之道,美学的发展历史,"美学的发展历史,即美学的发展历史。",1,1,2,2,1,1
591,其,现代生活美学——插花之道,美学的基石,,0,0,0,0,0,0
592,其,现代生活美学——插花之道,不同时代的美学怎么影响了插画,"不同时代的美学影响了插画,也影响了插画师的创作。",1,1,2,2,1,1
593,其,现代生活美学——插花之道,具有影响力的作品有哪些,具有影响力的作品有《小时代》《大鱼海棠》《大圣归来》《你的名字》等。,2,2,2,2,2,1
594,其,现代生活美学——插花之道,美学的高分秘诀,美学的高分秘诀是:多背多记多做题。,2,1,2,2,1,1
595,其,现代生活美学——插花之道,小时代讲了什么,"小时代讲了四个女孩的故事,她们从大学时代相识,经历了友情、爱情,最后走向了不同的人生道路。",2,2,2,2,2,2
596,其,现代生活美学——插花之道,如何描述一副插画,,0,0,0,0,0,0
597,其,现代生活美学——插花之道,怎么才算是优秀的插画,,0,0,0,0,0,0
598,其,现代生活美学——插花之道,和其他学科有什么共通之处,"我们都有相同的学习模式,都需要通过预习、听课、复习、练习、考试等环节,来掌握知识点。",2,2,2,2,2,1
599,其,现代生活美学——插花之道,对于提高别的科目有什么启发,"学习其他科目时,可以借鉴学习数学的方法,比如预习、听课、复习、练习、考试等。",2,2,2,1,2,1
600,其,现代生活美学——插花之道,怎么考试,"考试分为笔试和机考,笔试是纸质试卷,机考是在线考试。",2,2,2,2,2,2
601,其,现代生活美学——插花之道,你这个系统有问题,我哪里出错了?,2,1,2,2,1,1
602,其,现代生活美学——插花之道,问的东西你都不知道,我哪里知道?,1,1,2,2,1,1
603,其,现代生活美学——插花之道,影响心情和效率,我哪里影响你心情和效率了?,2,1,2,2,1,1
604,其,现代生活美学——插花之道,顶嘴倒是挺会,我哪里顶嘴了?,2,1,2,2,1,1
605,其,新闻摄影,Violet,Violet是英国作家J.K.罗琳创作的长篇小说《哈利·波特》系列中的主要人物之一。,2,2,2,2,2,2
606,其,新闻摄影,Violet,Violet是英国作家J.K.罗琳创作的长篇小说《哈利·波特》系列中的主要人物之一。,2,2,2,2,2,2
607,其,新闻摄影,Violet,Violet是英国作家J.K.罗琳创作的长篇小说《哈利·波特》系列中的主要人物之一。,2,2,2,2,2,2
608,其,新闻摄影,新闻摄影好学吗,"新闻摄影是摄影的一种,是摄影记者用照相机对新闻事件进行真实记录的过程。",1,1,2,2,1,1
609,其,新闻摄影,新闻摄影是纪实多一点还是景色多一点,"新闻摄影是纪实多一点,新闻摄影是摄影的一种,是摄影记者用照相机对新闻事件进行真实记录的过程。",2,2,2,2,2,2
610,其,生活英语读写,新闻摄影有哪些,"新闻摄影是摄影的一种,是新闻摄影记者用照相机对新闻事件进行真实记录的过程。",1,1,2,2,1,1
611,理,大学物理1,大学物理有哪些章节,力学、热学、电磁学、光学、原子物理、近代物理等。,2,1,2,2,1,1
612,理,大学物理1,各个章节之间有什么关联吗,"力学和热学是物理的基础,电磁学是力学和热学的综合运用,光学是电磁学和力学的综合运用,原子物理是力学、热学、电磁学、光学的综合运用。",2,2,2,2,2,2
613,其,新闻摄影,新闻摄影有趣吗,"新闻摄影是摄影的一种,是摄影记者用照相机对新闻事件进行真实记录的过程。",1,1,2,2,1,1
614,理,大学物理1,光学和电磁学和力学有啥关联,"光学和电磁学是力学和热学的综合运用,力学和热学是物理的基础。",2,2,2,2,2,2
615,理,大学物理1,那没学过热学，直接学电磁学会很困难吗,"不会,电磁学是力学和热学的综合运用,力学和热学是物理的基础。",2,2,2,2,2,1
616,其,生活英语读写,英语生活读写有哪些内容,,0,0,0,0,0,0
617,理,大学物理1,基础都没学过，如何学习高阶的物理知识,"大学物理是物理的基础,力学和热学是物理的基础,电磁学是力学和热学的综合运用,光学是电磁学和力学的综合运用,原子物理是力学、热学、电磁学、光学的综合运用。",1,1,2,2,1,1
618,理,大学物理1,怎样在平台高效学习,"在平台学习,可以随时随地学习,不受时间、地点限制,学习进度自己掌握,学习效果自己掌握,学习进度自己掌握,学习效果自己掌握。",2,2,2,2,2,2
619,理,大学物理1,学习效果如何衡量,,0,0,0,0,0,0
620,其,新闻摄影,新闻摄影有哪些代表作,新闻摄影的代表作有《饥饿的苏丹》、《阿富汗少女》、《南京大屠杀》等。,2,1,2,2,1,1
621,理,大学物理1,学习效果如何界定,学习效果由学习进度、学习效果、学习态度、学习效果四个维度构成。,1,1,2,2,1,1
622,理,大学物理1,学习效果如何评估,学习效果由学习进度、学习效果、学习态度、学习效果四个维度构成。,1,1,2,2,1,1
623,其,新闻摄影,新闻摄影五要素是什么,新闻摄影五要素是:时间、地点、人物、事件、原因。,2,2,2,2,2,2
624,理,大学物理1,会有测试来评估掌握程度吗,会有测试来评估掌握程度吗,1,1,2,2,1,1
625,其,新闻摄影,新闻摄影构图六个原则是什么,新闻摄影构图六个原则是:主题突出、主体鲜明、陪体适当、线条流畅、色彩和谐、对比鲜明。,2,2,2,2,2,2
626,理,大学物理1,课程学习完有结业证书吗,"有结业证书哦,不过需要完成课程学习后,在平台内完成课程的结业测试。",2,2,2,2,2,1
627,其,新闻摄影,新闻摄影之父是谁,新闻摄影之父是罗伯特·卡帕。,2,2,2,2,2,2
628,理,大学物理1,加速度和速度的关系？,"加速度是速度的变化率,速度是加速度的合量。",2,1,2,2,1,1
629,其,新闻摄影,新闻摄影和普通摄影有什么区别,"新闻摄影和普通摄影的区别是:新闻摄影是新闻事件的第一现场,而普通摄影是事后的。",2,2,2,2,2,2
630,理,大学物理1,加速度越大等不等于速度越大？,"加速度越大,速度越大。",1,1,2,2,1,1
631,理,大学物理1,加速度越大，速度越大有前提条件吗,"有,加速度和速度的夹角必须小于90°。",1,1,1,2,1,1
632,其,新闻摄影,新闻摄影的本质是什么,新闻摄影的本质就是真实。,2,2,2,2,2,2
633,理,大学物理1,加速度越大，速度越大的前提条件包括初速度吗,不包括。,1,1,1,2,1,1
634,其,生活英语读写,新闻摄影的本质是什么,"新闻摄影的本质是真实,是记录,是传播,是记录社会,记录历史,记录生活。",2,2,2,2,2,1
635,理,大学物理1,我觉得不太符合加速度定律,"加速度和速度的夹角必须小于90°,所以初速度不能为零。",1,1,2,2,1,1
636,理,大学物理1,加速度定律定义是什么,加速度等于合外力和速度的夹角。,1,1,1,1,1,1
637,其,生活英语读写,英语生活读写有什么方法,"英语生活读写最重要的是要掌握方法,小木为你总结了一些高效学习的方法,你可以看看哦～",1,1,1,2,1,1
638,理,大学物理1,力的基本要素是什么,力的大小、方向、作用点。,2,1,2,2,1,1
639,其,生活英语读写,有什么方法可以较快进行英语生活读写,"英语生活读写最重要的是要掌握方法,小木为你总结了一些高效学习的方法,你可以看看哦～",2,2,2,2,2,2
640,理,大学物理1,力有哪些种类,力的种类有:重力、弹力、摩擦力、浮力、电场力、磁场力、分子力、核力等。,2,2,2,1,2,1
641,其,生活英语读写,英语生活读写,"英语生活读写最重要的是要掌握方法,小木为你总结了一些高效学习的方法,你可以看看哦～",0,0,1,1,0,0
642,理,大学物理1,重力大小取决于什么,重力的大小取决于物体的质量和物体所受地球引力的大小。,2,2,2,2,2,2
643,其,生活英语读写,生活英语读写是什么,"生活英语读写是英语生活读写的简称,是英语生活读写的简称,是英语生活读写的简称,重要的事情说三遍。",2,2,2,1,2,1
644,理,大学物理1,重力加速度的定义是啥,"重力加速度是描述物体由于地球引力而受到的加速度,其大小等于物体的质量与物体所受地球引力的比值。",2,2,2,2,2,2
645,理,大学物理1,重力等于万有引力吗,重力不等于万有引力。,2,1,2,2,1,1
646,理,大学物理1,重力和万有引力的区别在哪,"万有引力是物体之间由于相互吸引而产生的力,而重力是地球对物体的引力。",2,2,2,2,2,2
647,其,生活英语读写,英语生活读写是什么,"生活英语读写是英语生活读写的简称,是英语生活读写的简称,是英语生活读写的简称,重要的事情说三遍。",2,2,2,1,2,1
648,理,大学物理1,惯性和质量的关系,"惯性是物体保持静止或匀速直线运动状态的性质,质量是物体惯性大小的量度。",2,2,2,2,2,2
649,理,大学物理1,质量越小，惯性越大？,"质量越小,惯性越大。",1,1,1,2,1,1
650,其,生活英语读写,英语生活读写是一门课吗,"英语生活读写是英语课程的一部分,你可以通过小木的“英语课程”功能,学习英语生活读写课程。",2,2,2,2,2,1
651,理,大学物理1,质量越小，惯性越小还是越大？,"质量越小,惯性越小。",1,1,1,2,1,1
652,理,大学物理1,速度和惯性有关系吗,"速度越大,惯性越大。",2,1,2,2,1,1
653,理,大学物理1,我觉得速度和惯性没有关系,"速度越大,惯性越大。",2,1,1,2,1,1
654,其,生活英语读写,英语生活读写是什么,"英语生活读写是英语流利说推出的英语学习产品,旨在帮助用户提高英语听说读写能力,提升英语生活应用能力。",2,2,2,2,2,2
655,理,大学物理1,所以速度越小，惯性越大？,"速度越大,惯性越大。",2,1,1,2,1,1
656,其,生活英语读写,英语生活读写是一门课吗,"英语生活读写是英语流利说推出的英语学习产品,旨在帮助用户提高英语听说读写能力,提升英语生活应用能力。",0,0,1,1,0,0
657,工,电路原理,所以速度越小，惯性越大？,"不是的,惯性是物体保持运动状态不变的性质。",1,1,1,1,1,1
658,工,电路原理,你知道电路图吗,"知道,电路图是电路中各元件的连接方式,是电路的图形符号。",2,1,2,2,1,1
659,其,生活英语读写,英语流利说的英语生活读写要缴费吗,"英语流利说的英语生活读写是英语流利说推出的英语学习产品,旨在帮助用户提高英语听说读写能力,提升英语生活应用能力。",2,2,2,2,2,1
660,工,电路原理,你知道电路图元件吗,"知道,电路图元件包括电源、开关、用电器、导线、电表等。",2,2,2,1,2,2
661,工,电路原理,你知道电路图画图工具吗,"知道,电路图画图工具有电路图软件、电路图打印软件、电路图绘制软件等。",2,1,2,2,1,1
662,其,生活英语读写,生活英语读写是什么,"生活英语读写是英语流利说推出的英语学习产品,旨在帮助用户提高英语听说读写能力,提升英语生活应用能力。",2,2,2,2,2,2
663,工,电路原理,你知道altium designer吗,"知道,altiumdesigner是电路设计软件,可以绘制电路图。",2,2,2,1,2,1
664,其,生活英语读写,生活英语读写难不难,"生活英语读写是英语流利说推出的英语学习产品,旨在帮助用户提高英语听说读写能力,提升英语生活应用能力。",2,2,2,2,2,2
665,工,电路原理,altium designer能做仿真吗,"可以,altiumdesigner可以做仿真。",2,1,2,2,1,1
666,其,生活英语读写,生活英语读写有什么方法,"生活英语读写是英语流利说推出的英语学习产品,旨在帮助用户提高英语听说读写能力,提升英语生活应用能力。",2,2,2,2,2,1
667,工,电路原理,电阻大小和什么有关系？,电阻大小和导体的材料、长度、横截面积、温度有关。,2,2,2,1,2,2
668,其,生活英语读写,生活英语读写可以提高什么能力,"生活英语读写可以提高英语读写能力,提高英语阅读能力,提高英语写作能力。",2,2,2,2,2,2
669,其,生活英语读写,生活英语读写怎么提高写作能力,"生活英语读写可以提高英语写作能力,提高英语阅读能力,提高英语写作能力。",2,2,2,2,2,2
670,工,电路原理,电阻大小和温度关系？,电阻大小和导体的材料、长度、横截面积、温度有关。,1,1,2,2,1,1
671,其,生活英语读写,生活英语读写怎么提高英语阅读能力,"生活英语读写可以提高英语阅读能力,提高英语写作能力,提高英语阅读能力。",2,2,2,2,2,2
672,工,电路原理,热电阻大小怎么算,热电阻大小和导体的材料、长度、横截面积、温度有关。,1,1,2,2,1,1
673,其,生活英语读写,怎么提高生活英语读写能力,"生活英语读写可以提高英语读写能力,提高英语阅读能力,提高英语写作能力。",2,2,2,2,2,2
674,工,电路原理,横截面积越大，电阻越小？,"横截面积越大,电阻越小。",2,1,2,2,1,1
675,其,生活英语读写,生活英语读写能力有什么方法,"生活英语读写可以提高英语读写能力,提高英语阅读能力,提高英语写作能力。",2,2,2,2,2,2
676,其,生活英语读写,生活读写要缴费吗,,0,0,0,0,0,0
677,其,生活英语读写,生活英语读写难不难,"生活英语读写不难,但是口语难。",2,1,2,2,1,1
678,工,电路原理,电阻越小，电压越大？,"电阻越小,电压越大。",2,2,2,1,2,2
679,其,生活英语读写,怎么练口语,"小木可以帮你提高口语能力哦,你可以通过小木的“口语”功能,学习提高口语能力的方法。",2,2,2,1,2,1
680,工,电路原理,欧姆定律是什么,欧姆定律是描述导体中电流与导体两端电压关系的定律。,2,2,2,2,2,2
681,其,生活英语读写,小木的口语功能是什么,"小木的口语功能,可以为你推荐口语学习资源,并为你讲解口语学习资源中的内容。",2,1,2,2,1,1
682,工,电路原理,戴维宁等效是什么,"戴维宁等效是电路中电压与电流的比值,即U/I",2,2,2,1,2,2
683,其,生活英语读写,小木的口语功能可以推荐什么内容,"小木的口语功能,可以为你推荐口语学习资源,包括口语学习课程、口语学习资料、口语学习视频等。",2,1,2,2,1,1
684,工,电路原理,电压和电流的关系,电压等于电流的平方根,2,2,2,2,2,2
685,其,生活英语读写,小木的口语功能是付费功能吗,"小木的口语功能是免费功能,你可以通过小木的“口语”功能,学习提高口语能力的方法。",2,1,2,1,1,1
686,工,电路原理,功率和电流的关系,功率等于电流的平方乘以电压,2,2,2,2,2,2
687,工,电路原理,焦尔的贡献,焦尔的贡献是发现了电阻上的电压与电流的平方成正比,2,1,2,2,1,1
688,其,生活英语读写,小木的口语功能学习资料免费吗,"小木的口语功能学习资料是免费资源,你可以通过小木的“口语”功能,学习提高口语能力的方法。",2,2,2,2,2,2
689,其,生活英语读写,生活英语读写重要吗,"生活英语读写是英语读写能力中的一部分,是英语读写能力中的基础,是英语读写能力中的重要组成部分。",2,2,2,2,2,1
690,工,电路原理,焦尔是什么单位,焦尔是国际单位制中表示电流强度的单位,2,2,2,1,2,1
691,其,生活英语读写,生活英语读写怎么提高,"生活英语读写能力是英语读写能力中的基础,是英语读写能力中的重要组成部分。",2,2,2,2,2,2
692,工,电路原理,电流强度是什么,"电流强度是表示电流强弱的物理量,用字母I表示,单位是安培",2,2,1,2,2,1
693,其,生活英语读写,生活英语读写有什么方法,"生活英语读写能力是英语读写能力中的基础,是英语读写能力中的重要组成部分。",2,2,2,2,2,2
694,工,电路原理,CMOS是什么,"CMOS是互补金属氧化物半导体的缩写,是一种半导体器件。",2,2,2,1,2,1
695,其,生活英语读写,生活英语读写好学不好学,"生活英语读写能力是英语读写能力中的基础,是英语读写能力中的重要组成部分。",1,1,2,2,1,1
696,工,电路原理,pmos是什么,"pmos是p型金属氧化物半导体的缩写,是一种半导体器件。",2,2,2,2,2,2
697,工,电路原理,nmos是什么,"nmos是n型金属氧化物半导体的缩写,是一种半导体器件。",2,2,2,2,2,2
698,其,生活英语读写,生活英语读写好玩不好玩,"生活英语读写能力是英语读写能力中的基础,是英语读写能力中的重要组成部分。",2,2,1,2,1,1
699,工,电路原理,nmos和pmos区别？,"nmos和pmos的区别是:nmos是n型金属氧化物半导体,pmos是p型金属氧化物半导体。",2,2,2,2,2,2
700,工,电路原理,nmos和pmos的电子迁移率哪个强,nmos和pmos的电子迁移率是nmos强。,2,2,2,1,2,1
701,其,生活英语读写,生活英语读写可以提高审美能力,"生活英语读写能力是英语读写能力中的基础,是英语读写能力中的重要组成部分。",2,2,2,2,2,2
702,工,电路原理,nmos有哪些参数,,0,0,0,0,0,0
703,其,生活英语读写,生活英语读写可以提高什么能力,生活英语读写可以提高你的英语阅读能力和写作能力,2,1,2,2,1,1
704,工,电路原理,电流守恒定律指的是什么,"电流守恒定律指的是在电路中,任意两点的电流相等。",2,2,2,2,2,2
705,工,电路原理,电压守恒定律指的是什么,"电压守恒定律指的是在闭合电路中,电压处处相等。",2,2,2,1,2,1
706,其,生活英语读写,生活英语读怎么提高写作能力,,0,0,0,0,0,0
707,工,电路原理,电压守恒定律的应用,"电压守恒定律在电路中的应用,主要是利用电压守恒定律求未知电阻。",2,2,2,2,2,2
708,其,生活英语读写,生活英语读怎么提高阅读能力,"生活英语读可以提高你的英语阅读能力,建议你多读一些英语文章,多积累一些词汇和句子,这样可以提高你的英语阅读能力",2,1,2,2,1,1
709,工,电路原理,电阻怎么算,电阻的计算公式为:,1,1,1,1,0,0
710,其,生活英语读写,生活英语读怎么掌握,"生活英语读可以掌握,建议你多读一些英语文章,多积累一些词汇和句子,这样可以提高你的英语阅读能力",2,2,2,2,2,2
711,工,电路原理,寄生电阻是什么,"寄生电阻指的是在电路中,由于元件参数的分布不均匀,导致电阻值的分布不均匀,这种电阻值的分布不均匀,我们称之为寄生电阻。",2,1,2,2,1,1
712,其,生活英语读写,生活英语读可以用来背单词吗,"生活英语读可以用来背单词,建议你多读一些英语文章,多积累一些词汇和句子,这样可以提高你的英语阅读能力",2,2,2,2,2,2
713,工,电路原理,寄生电阻如何减小,减小寄生电阻的方法有:,1,1,1,1,0,0
714,其,生活英语读写,生活英语读可以读那些英文文章,"生活英语读可以读那些英文文章,建议你多读一些英语文章,多积累一些词汇和句子,这样可以提高你的英语阅读能力",2,2,2,2,2,2
715,其,生活英语读写,生活英语读可以提高什么能力,"生活英语读可以提高你的英语阅读能力,让你轻松阅读英文原版书籍,了解国外文化,提高英语能力。",2,2,2,2,2,1
716,其,生活英语读写,生活英语读阅读什么外国书籍,"生活英语读阅读的是国外原版书籍,包括小说、散文、诗歌、传记、历史、哲学、科学、政治、经济、社会、艺术、音乐、体育、宗教、神话、寓言、童话、风俗、民情等。",2,1,2,2,1,1
717,其,生活英语读写,生活英语阅读有什么方法,,0,0,0,0,0,0
718,其,生活英语读写,国外原版书籍有哪些代表作,,0,0,0,0,0,0
719,其,新闻摄影,国外原版书籍有哪些代表作,《TheArtofWar》,2,2,2,2,2,2
720,其,新闻摄影,新闻摄影和普通摄影有什么区别,"新闻摄影是摄影的一种,是摄影记者用照相机对新闻事件进行真实记录的过程。",2,1,2,2,1,1
721,其,新闻摄影,新闻摄影五大要素,时间、地点、人物、事件、环境。,2,2,2,2,2,1
722,其,新闻摄影,新闻摄影构图六大原则,1.突出主体;2.简洁明了;3.对比衬托;4.动静结合;5.虚实相生;6.疏密有致。,2,2,2,1,2,2
723,其,新闻摄影,新闻摄影代表作,,0,0,0,0,0,0
724,其,新闻摄影,新闻摄影之父,罗伯特·卡帕,2,2,2,2,2,2
725,其,新闻摄影,新闻摄影好学吗,"新闻摄影是摄影艺术的一个分支,是摄影艺术中的一个重要门类。",0,0,1,1,0,0
726,其,新闻摄影,新闻摄影有什么技巧,"新闻摄影是摄影艺术的一个分支,是摄影艺术中的一个重要门类。",0,0,1,2,0,0
727,其,新闻摄影,新闻摄影好玩不好玩,"新闻摄影是摄影艺术的一个分支,是摄影艺术中的一个重要门类。",0,0,1,1,0,0
728,其,新闻摄影,摄影艺术是什么,"摄影艺术是摄影技术与艺术的结合,是摄影技术在艺术表现上的运用。",2,2,2,2,2,2
729,其,新闻摄影,摄影艺术要表达的是什么,"摄影艺术是摄影技术与艺术的结合,是摄影技术在艺术表现上的运用。",1,1,2,2,1,1
730,其,新闻摄影,新闻摄影纪实吗,"新闻摄影是摄影艺术的一个分支,是摄影艺术中的一个重要门类。",0,0,1,2,0,0
731,其,新闻摄影,记录片算是新闻摄影吗,"纪录片是摄影的一种,新闻摄影是摄影的一种。",2,1,2,2,1,1
732,其,新闻摄影,新闻摄影有什么技巧,"新闻摄影需要掌握摄影技巧,需要掌握摄影技巧,需要掌握摄影技巧,重要的事情说三遍。",1,1,1,1,1,1
733,其,新闻摄影,摄影技巧有什么,"摄影技巧有很多,比如构图、用光、曝光、色彩、后期等。",2,2,2,2,2,2
734,其,新闻摄影,摄影技巧好掌握吗,"摄影技巧很好掌握,只要掌握方法,就能学好。",2,1,2,2,1,1
735,其,新闻摄影,摄影技巧好掌握吗,"摄影技巧很好掌握,只要掌握方法,就能学好。",2,1,2,2,1,1
736,其,新闻摄影,掌握摄影技巧有什么方法,"掌握摄影技巧有很多方法,比如多看、多拍、多练、多学。",2,2,2,2,2,2
737,其,新闻摄影,小木老师会新闻摄影吗,"小木老师会摄影,小木老师会摄影,小木老师会摄影,重要的事情说三遍",2,2,2,2,2,2
738,其,新闻摄影,新闻摄影难不难,"不难,不难,不难,重要的事情说三遍",1,1,2,2,1,1
739,其,新闻摄影,新闻摄影技巧性难不难,"不难,不难,不难,重要的事情说三遍",1,1,2,2,1,1
740,其,新闻摄影,新闻摄影代表作有什么用,"可以证明你的摄影水平,可以证明你的摄影水平,可以证明你的摄影水平,重要的事情说三遍",2,2,2,2,2,1
741,其,新闻摄影,新闻摄影有什么代表作,"新闻摄影代表作,新闻摄影代表作,新闻摄影代表作,重要的事情说三遍",0,0,1,2,0,0
742,其,新闻摄影,新闻摄影代表性作品有哪些,"新闻摄影代表作,新闻摄影代表作,新闻摄影代表作,重要的事情说三遍",0,0,1,2,0,0
743,其,新闻摄影,新闻摄影难不难,"不难,只要审美好,摄影就不难",2,2,2,2,2,1
744,其,新闻摄影,学新闻摄影用什么摄像机比较好,索尼大法好,2,1,2,2,1,1
745,其,新闻摄影,新闻摄影有网课可以学吗,"有,人文清华学堂在线平台就有新闻摄影课程,点击链接即可学习:",2,2,2,1,2,1
746,其,新闻摄影,新闻摄影有网课要付费吗,"人文清华学堂在线平台的所有课程都是免费的,点击链接即可学习:",2,2,2,1,2,2
747,其,新闻摄影,小木老师会新闻摄影吗,"不会,小木老师只会作诗,点击链接即可学习:",2,1,2,2,1,1
748,其,新闻摄影,小木老师写过什么诗,"小木老师写过很多诗,点击链接即可学习:",2,1,2,2,1,1
